code,group,return_pct,last_date,CoName,MktNm
30110,生存,11.678832116788328,2026-05-01,バナーズ,スタンダード
52560,生存,-30.289855072463766,2026-05-01,Ｆｕｓｉｃ,グロース
34900,生存,16.769167691676913,2026-05-01,アズ企画設計,スタンダード
82470,生存,-32.90322580645161,2026-05-01,大和,スタンダード
70040,生存,8.303249097472932,2026-05-01,日立造船,プライム
40420,生存,21.931137724550908,2026-05-01,東ソー,プライム
61970,生存,138.0851063829787,2026-05-01,ソラスト,プライム
75700,生存,-8.03506208911614,2026-05-01,橋本総業ホールディングス,スタンダード
64890,生存,30.551523947750358,2026-05-01,前澤工業,スタンダード
59060,生存,119.1435768261965,2026-05-01,エムケー精工,スタンダード
53340,生存,61.664974619289346,2026-05-01,日本特殊陶業,プライム
26660,生存,11.184210526315796,2026-05-01,オートウェーブ,スタンダード
98670,生存,43.33843797856049,2026-05-01,ソレキア,スタンダード
34580,消滅,28.82129277566541,2025-05-01,シーアールイー,プライム
95140,生存,-9.48905109489051,2026-05-01,エフオン,スタンダード
83640,生存,51.69082125603865,2026-05-01,清水銀行,プライム
62690,生存,379.5462997396802,2026-05-01,三井海洋開発,プライム
27540,消滅,52.264150943396224,2024-12-02,東葛ホールディングス,スタンダード
94350,生存,42.40896358543418,2026-05-01,光通信,プライム
26930,生存,-6.083650190114065,2026-05-01,ＹＫＴ,スタンダード
67880,生存,30.67484662576687,2026-05-01,日本トリム,プライム
92490,生存,16.603773584905657,2026-05-01,日本エコシステム,スタンダード
23510,生存,-18.07465618860511,2026-05-01,ＡＳＪ,グロース
98180,生存,25.333333333333343,2026-05-01,大丸エナウィン,スタンダード
35120,生存,91.82795698924731,2026-05-01,日本フエルト,スタンダード
83060,生存,64.97641509433963,2026-05-01,三菱ＵＦＪフィナンシャル・グループ,プライム
87000,生存,11.994868505452217,2026-05-01,丸八証券,スタンダード
98610,生存,9.271978021978011,2026-05-01,吉野家ホールディングス,プライム
65490,生存,34.375,2026-05-01,ディーエムソリューションズ,スタンダード
94500,生存,-41.824157764995896,2026-05-01,ファイバーゲート,プライム
66120,生存,-54.93273542600896,2026-05-01,バルミューダ,グロース
96220,生存,37.73234200743494,2026-05-01,スペース,プライム
24330,生存,-22.09345794392523,2026-05-01,博報堂ＤＹホールディングス,プライム
88040,生存,38.80655226209049,2026-05-01,東京建物,プライム
61830,生存,-9.703337453646476,2026-05-01,ベルシステム２４ホールディングス,プライム
44180,生存,10.677083333333325,2026-05-01,ＪＤＳＣ,グロース
87890,生存,45.977011494252885,2026-05-01,フィンテック　グローバル,スタンダード
48920,生存,-9.115281501340478,2026-05-01,サイフューズ,グロース
35010,生存,3.86965376782078,2026-05-01,住江織物,プライム
27300,生存,34.910485933503836,2026-05-01,エディオン,プライム
33290,生存,0.7295719844357951,2026-05-01,東和フードサービス,スタンダード
89280,生存,11.814914645103315,2026-05-01,穴吹興産,スタンダード
173A0,生存,-1.3503909026297056,2026-05-01,ハンモック,グロース
45720,生存,-0.7672634271099765,2026-05-01,カルナバイオサイエンス,グロース
39480,生存,32.84753363228698,2026-05-01,光ビジネスフォーム,スタンダード
65610,生存,-48.862897985705004,2026-05-01,ＨＡＮＡＴＯＵＲ　ＪＡＰＡＮ,グロース
39270,生存,3.4517766497461855,2026-05-01,フーバーブレイン,グロース
62970,消滅,38.756855575868364,2025-11-04,鉱研工業,スタンダード
75960,生存,-6.393648140409525,2026-05-01,魚力,プライム
74090,生存,326.18189102564105,2026-05-01,ＡｅｒｏＥｄｇｅ,グロース
24360,生存,45.839416058394164,2026-05-01,共同ピーアール,スタンダード
57070,生存,40.31100478468899,2026-05-01,東邦亜鉛,プライム
53010,生存,14.03683424589348,2026-05-01,東海カーボン,プライム
165A0,消滅,51.272727272727266,2025-11-04,ＳＢＩレオスひふみ,グロース
48810,生存,-55.769230769230774,2026-05-01,ファンペップ,グロース
48750,生存,-1.3100436681222738,2026-05-01,メディシノバ・インク,スタンダード
46260,生存,197.80525502318392,2026-05-01,太陽ホールディングス,プライム
45880,生存,304.91803278688525,2026-05-01,オンコリスバイオファーマ,グロース
30820,生存,4.648648648648646,2026-05-01,きちりホールディングス,スタンダード
40410,生存,40.85603112840468,2026-05-01,日本曹達,プライム
76040,生存,-12.246963562753033,2026-05-01,梅の花,スタンダード
85720,生存,24.639514292942067,2026-05-01,アコム,スタンダード
46780,生存,5.298013245033117,2026-05-01,秀英予備校,スタンダード
73720,生存,-8.607594936708862,2026-05-01,デコルテ・ホールディングス,グロース
59360,生存,-3.9153439153439162,2026-05-01,東洋シヤッター,スタンダード
31980,生存,10.121065375302663,2026-05-01,ＳＦＰホールディングス,プライム
67410,生存,67.13147410358566,2026-05-01,日本信号,プライム
74810,生存,15.26992287917739,2026-05-01,尾家産業,スタンダード
44800,生存,-32.507462686567166,2026-05-01,メドレー,プライム
93130,消滅,43.21329639889198,2026-04-01,丸八倉庫,スタンダード
43260,生存,15.745276417074884,2026-05-01,インテージホールディングス,プライム
74610,生存,-8.366533864541836,2026-05-01,キムラ,スタンダード
43700,生存,-18.844221105527637,2026-05-01,モビルス,グロース
15150,生存,129.3560606060606,2026-05-01,日鉄鉱業,プライム
80750,生存,-3.1717434114048593,2026-05-01,神鋼商事,プライム
28740,生存,64.97005988023952,2026-05-01,横浜冷凍,プライム
40150,生存,2.8508771929824483,2026-05-01,ペイクラウドホールディングス,グロース
73260,生存,96.28217349857007,2026-05-01,ＳＢＩインシュアランスグループ,グロース
28760,生存,-10.693069306930692,2026-05-01,デルソーレ,スタンダード
81540,生存,47.46059544658494,2026-05-01,加賀電子,プライム
48240,消滅,-11.377245508982037,2024-10-01,メディアシーク,グロース
18410,消滅,57.3982125124131,2026-03-02,サンユー建設,スタンダード
38510,生存,-17.549019607843142,2026-05-01,日本一ソフトウェア,スタンダード
39400,生存,-0.7633587786259555,2026-05-01,ノムラシステムコーポレーション,スタンダード
41750,生存,44.15182029434548,2026-05-01,ｃｏｌｙ,グロース
97010,生存,10.953608247422686,2026-05-01,東京會舘,スタンダード
64880,生存,17.167919799498744,2026-05-01,ヨシタケ,スタンダード
33150,生存,-20.610687022900763,2026-05-01,日本コークス工業,プライム
85420,生存,22.21343873517787,2026-05-01,トマト銀行,スタンダード
65580,生存,-55.91890124264225,2026-05-01,クックビズ,グロース
19750,生存,165.63623292595256,2026-05-01,朝日工業社,プライム
27530,生存,-35.24038461538461,2026-05-01,あみやき亭,プライム
32450,生存,17.386363636363633,2026-05-01,ディア・ライフ,プライム
77690,生存,-11.269430051813467,2026-05-01,リズム,プライム
60490,生存,0.7299270072992803,2026-05-01,イトクロ,グロース
81810,生存,10.577971646673934,2026-05-01,東天紅,スタンダード
31060,生存,105.88235294117645,2026-05-01,倉敷紡績,プライム
20530,生存,4.536979490366688,2026-05-01,中部飼料,プライム
52400,生存,-70.9551656920078,2026-05-01,ｍｏｎｏＡＩ　ｔｅｃｈｎｏｌｏｇｙ,グロース
69610,生存,78.36734693877551,2026-05-01,エンプラス,プライム
53670,生存,55.32286212914486,2026-05-01,ニッカトー,スタンダード
26890,生存,-4.807692307692313,2026-05-01,オルバヘルスケアホールディングス,スタンダード
23740,消滅,44.92234169653524,2026-03-02,セントケア・ホールディング,プライム
99910,生存,60.38114343029086,2026-05-01,ジェコス,プライム
31950,生存,67.81609195402298,2026-05-01,ジェネレーションパス,グロース
81470,生存,-11.532625189681333,2026-05-01,トミタ,スタンダード
39980,生存,-32.391304347826086,2026-05-01,すららネット,グロース
90680,生存,53.137254901960794,2026-05-01,丸全昭和運輸,プライム
98160,生存,39.82300884955752,2026-05-01,ストライダーズ,スタンダード
35830,生存,19.795539033457253,2026-05-01,オーベクス,スタンダード
91420,生存,4.594047963016479,2026-05-01,九州旅客鉄道,プライム
45030,生存,41.70144462279293,2026-05-01,アステラス製薬,プライム
17110,生存,-37.37623762376238,2026-05-01,ＳＤＳホールディングス,スタンダード
88870,生存,-41.222570532915356,2026-05-01,クミカ,スタンダード
55720,生存,4.454022988505746,2026-05-01,Ｒｉｄｇｅ−ｉ,グロース
75080,生存,-18.686868686868685,2026-05-01,Ｇ‐７ホールディングス,プライム
59290,生存,23.366440146366973,2026-05-01,三和ホールディングス,プライム
21340,生存,37.5,2026-05-01,燦キャピタルマネージメント,スタンダード
43460,生存,16.313213703099507,2026-05-01,ＮＥＸＹＺ．Ｇｒｏｕｐ,スタンダード
48480,生存,8.581081081081088,2026-05-01,フルキャストホールディングス,プライム
55770,消滅,-7.994923857868019,2025-11-04,アイデミー,グロース
78270,生存,21.22944960686204,2026-05-01,オービス,スタンダード
30540,生存,-12.58278145695364,2026-05-01,ハイパー,スタンダード
47690,生存,15.135135135135137,2026-05-01,ＩＣ,スタンダード
13810,生存,27.129337539432186,2026-05-01,アクシーズ,スタンダード
96960,消滅,108.33333333333334,2025-09-01,ウィザス,スタンダード
36220,生存,-5.755395683453235,2026-05-01,ネットイヤーグループ,グロース
78490,生存,17.30205278592376,2026-05-01,スターツ出版,スタンダード
42680,消滅,68.9516129032258,2024-12-02,エッジテクノロジー,グロース
49180,生存,-14.58885941644562,2026-05-01,アイビー化粧品,スタンダード
80150,生存,115.6831956787991,2026-05-01,豊田通商,プライム
89120,生存,0.5681818181818121,2026-05-01,エリアクエスト,スタンダード
39740,生存,36.075205640423036,2026-05-01,ＳＣＡＴ,スタンダード
33330,生存,-10.64129668780831,2026-05-01,あさひ,プライム
22040,生存,-3.522205206738127,2026-05-01,中村屋,スタンダード
53440,生存,105.37790697674421,2026-05-01,ＭＡＲＵＷＡ,プライム
58560,生存,-39.02439024390244,2026-05-01,エルアイイーエイチ,スタンダード
76370,生存,-18.125000000000004,2026-05-01,白銅,プライム
44030,生存,57.326852976913734,2026-05-01,日油,プライム
68590,生存,1.526717557251911,2026-05-01,エスペック,プライム
47720,生存,-13.043478260869568,2026-05-01,ストリームメディアコーポレーション,グロース
71800,生存,18.390266729059434,2026-05-01,九州フィナンシャルグループ,プライム
87150,生存,138.3116883116883,2026-05-01,アニコム　ホールディングス,プライム
27420,生存,-5.529411764705882,2026-05-01,ハローズ,プライム
92230,生存,-24.162257495590833,2026-05-01,ＡＳＮＯＶＡ,グロース
70360,生存,-21.83316168898043,2026-05-01,イーエムネットジャパン,グロース
78190,生存,92.5858951175407,2026-05-01,粧美堂,スタンダード
77810,生存,30.000000000000004,2026-05-01,平山ホールディングス,スタンダード
77260,生存,-25.79022988505747,2026-05-01,黒田精工,スタンダード
48160,生存,13.755458515283836,2026-05-01,東映アニメーション,スタンダード
88640,生存,60.83333333333334,2026-05-01,空港施設,プライム
63910,生存,4.304635761589415,2026-05-01,加地テック,スタンダード
21210,生存,-8.755274261603374,2026-05-01,ＭＩＸＩ,プライム
65350,生存,11.563169164882225,2026-05-01,アイモバイル,プライム
19940,生存,-7.272727272727275,2026-05-01,高橋カーテンウォール工業,スタンダード
64200,生存,17.763157894736835,2026-05-01,フクシマガリレイ,プライム
79940,生存,10.061511423550096,2026-05-01,オカムラ,プライム
50330,生存,-15.096481271282636,2026-05-01,ヌーラボ,グロース
31720,生存,-14.222222222222225,2026-05-01,ティーライフ,スタンダード
94450,生存,25.74712643678161,2026-05-01,フォーバルテレコム,スタンダード
70580,生存,6.8783068783068835,2026-05-01,共栄セキュリティーサービス,スタンダード
59760,生存,18.281535648994506,2026-05-01,高周波熱錬,プライム
70830,生存,-39.14163090128755,2026-05-01,ＡＨＣグループ,グロース
77320,消滅,89.93928881179531,2025-12-01,トプコン,プライム
62910,生存,2.9436501261564274,2026-05-01,日本エアーテック,スタンダード
76030,生存,-74.24657534246575,2026-05-01,マックハウス,スタンダード
67860,生存,-17.741935483870964,2026-05-01,ＲＶＨ,スタンダード
67530,生存,-40.819022457067376,2026-05-01,シャープ,プライム
92150,生存,2.8121484814398245,2026-05-01,ＣａＳｙ,グロース
76110,生存,-3.8435374149659918,2026-05-01,ハイデイ日高,プライム
14460,生存,-14.820846905537454,2026-05-01,キャンディル,スタンダード
29990,生存,8.969465648854968,2026-05-01,ホームポジション,スタンダード
59510,生存,43.61233480176212,2026-05-01,ダイニチ工業,スタンダード
60500,生存,-13.969425408539804,2026-05-01,イー・ガーディアン,プライム
62760,生存,-41.35021097046413,2026-05-01,シリウスビジョン,スタンダード
61570,生存,-10.082304526748976,2026-05-01,日進工具,プライム
48850,生存,39.212827988338184,2026-05-01,室町ケミカル,スタンダード
59410,生存,18.439716312056742,2026-05-01,中西製作所,スタンダード
72790,生存,72.50000000000001,2026-05-01,ハイレックスコーポレーション,スタンダード
30340,生存,18.16367265469061,2026-05-01,クオールホールディングス,プライム
50180,生存,21.592539454806303,2026-05-01,ＭＯＲＥＳＣＯ,スタンダード
32420,生存,31.807228915662655,2026-05-01,アーバネットコーポレーション,スタンダード
72920,生存,40.756302521008415,2026-05-01,村上開明堂,スタンダード
22860,生存,67.57281553398057,2026-05-01,林兼産業,スタンダード
75000,生存,8.15602836879432,2026-05-01,西川計測,スタンダード
17300,消滅,6.782334384858046,2025-03-03,麻生フオームクリート,スタンダード
13830,生存,-0.0696378830083555,2026-05-01,ベルグアース,スタンダード
64190,生存,-18.226744186046506,2026-05-01,マースグループホールディングス,プライム
76300,生存,-22.67389340560072,2026-05-01,壱番屋,プライム
28990,消滅,37.72321428571428,2024-09-02,永谷園ホールディングス,プライム
63610,生存,125.46236559139783,2026-05-01,荏原製作所,プライム
52770,消滅,93.99141630901286,2025-05-01,スパンクリートコーポレーション,スタンダード
68550,生存,102.9325513196481,2026-05-01,日本電子材料,スタンダード
66510,生存,30.600292825768662,2026-05-01,日東工業,プライム
76380,生存,-17.00863600171495,2026-05-01,ＮＥＷ　ＡＲＴ　ＨＯＬＤＩＮＧＳ,スタンダード
81650,生存,-59.14634146341464,2026-05-01,千趣会,スタンダード
31090,生存,-2.2058823529411797,2026-05-01,シキボウ,プライム
31670,生存,18.02083333333333,2026-05-01,ＴＯＫＡＩホールディングス,プライム
75160,生存,-4.8926014319809035,2026-05-01,コーナン商事,プライム
38960,生存,-19.52983725135624,2026-05-01,阿波製紙,スタンダード
24080,生存,12.537313432835816,2026-05-01,ＫＧ情報,スタンダード
61490,生存,12.107623318385642,2026-05-01,小田原エンジニアリング,スタンダード
35710,生存,-1.9525801952580246,2026-05-01,ソトー,スタンダード
49570,消滅,88.84297520661157,2026-03-02,ヤスハラケミカル,スタンダード
36070,生存,-10.049019607843135,2026-05-01,クラウディアホールディングス,スタンダード
62680,生存,92.92001530807501,2026-05-01,ナブテスコ,プライム
73750,生存,176.98056801195813,2026-05-01,リファインバースグループ,グロース
95600,生存,-28.816793893129766,2026-05-01,プログリット,グロース
30360,生存,73.24621733149932,2026-05-01,アルコニックス,プライム
78560,生存,5.185659411011523,2026-05-01,萩原工業,プライム
64730,生存,61.78509532062391,2026-05-01,ジェイテクト,プライム
48860,生存,23.929794520547954,2026-05-01,あすか製薬ホールディングス,プライム
42240,生存,21.29514321295143,2026-05-01,ロンシール工業,スタンダード
61800,生存,32.92867981790592,2026-05-01,ＧＭＯメディア,グロース
82180,生存,-11.037234042553191,2026-05-01,コメリ,プライム
69260,生存,-23.076923076923073,2026-05-01,岡谷電機産業,スタンダード
45190,生存,71.34247714048212,2026-05-01,中外製薬,プライム
64030,生存,126.96438665912946,2026-05-01,水道機工,スタンダード
27920,生存,-12.409638554216873,2026-05-01,ハニーズホールディングス,プライム
80740,生存,7.104795737122549,2026-05-01,ユアサ商事,プライム
56440,生存,45.82132564841499,2026-05-01,メタルアート,スタンダード
60370,生存,78.17460317460319,2026-05-01,ファーストロジック,スタンダード
90730,生存,8.628127696289912,2026-05-01,京極運輸商事,スタンダード
59320,生存,-22.538552787663114,2026-05-01,三協立山,プライム
44490,生存,13.287401574803148,2026-05-01,ギフティ,プライム
19340,生存,49.84690753214942,2026-05-01,ユアテック,プライム
36560,生存,-2.8169014084507005,2026-05-01,ＫＬａｂ,プライム
43610,生存,10.09104704097117,2026-05-01,川口化学工業,スタンダード
47510,生存,28.820055941158195,2026-05-01,サイバーエージェント,プライム
97570,生存,0.45045045045044585,2026-05-01,船井総研ホールディングス,プライム
49700,生存,64.73799126637554,2026-05-01,東洋合成工業,スタンダード
71260,生存,-7.5775656324582386,2026-05-01,グローバルスタイル,スタンダード
36730,生存,77.57936507936508,2026-05-01,ブロードリーフ,プライム
60050,生存,-0.40073982737360847,2026-05-01,三浦工業,プライム
77020,生存,-20.373831775700936,2026-05-01,ＪＭＳ,スタンダード
29700,生存,39.072008113590265,2026-05-01,グッドライフカンパニー,スタンダード
32220,生存,-6.773823191733641,2026-05-01,ユナイテッド・スーパーマーケット・ホールディングス,スタンダード
75780,生存,-49.75369458128078,2026-05-01,ニチリョク,スタンダード
64400,生存,59.48103792415169,2026-05-01,ＪＵＫＩ,プライム
93010,生存,33.10032117891557,2026-05-01,三菱倉庫,プライム
14390,消滅,65.99378881987579,2025-02-03,安江工務店,スタンダード
89230,生存,44.43952148870183,2026-05-01,トーセイ,プライム
83370,生存,92.91553133514986,2026-05-01,千葉興業銀行,プライム
40170,生存,-37.7521613832853,2026-05-01,クリーマ,グロース
23880,生存,-33.333333333333336,2026-05-01,ウェッジホールディングス,グロース
30380,生存,-18.686575819077987,2026-05-01,神戸物産,プライム
41820,生存,49.12939569819051,2026-05-01,三菱瓦斯化学,プライム
39260,生存,-48.31649831649831,2026-05-01,オープンドア,プライム
45440,生存,24.698310539018497,2026-05-01,Ｈ．Ｕ．グループホールディングス,プライム
63560,生存,172.41379310344826,2026-05-01,日本ギア工業,スタンダード
31740,生存,-35.91790193842645,2026-05-01,ハピネス・アンド・ディ,スタンダード
31680,生存,111.12676056338029,2026-05-01,黒谷,スタンダード
22220,生存,13.85681293302541,2026-05-01,寿スピリッツ,プライム
60270,生存,-8.76176683562636,2026-05-01,弁護士ドットコム,グロース
19110,生存,-23.6322398628091,2026-05-01,住友林業,プライム
21380,生存,-25.538020086083215,2026-05-01,クルーズ,スタンダード
54440,生存,46.766771615403236,2026-05-01,大和工業,プライム
44860,生存,11.404958677685961,2026-05-01,ユナイトアンドグロウ,グロース
47480,消滅,0.0,2024-06-03,構造計画研究所,スタンダード
64690,生存,147.1186440677966,2026-05-01,放電精密加工研究所,スタンダード
99410,生存,18.506834910620395,2026-05-01,太洋物産,スタンダード
42430,生存,9.84848484848484,2026-05-01,ニックス,スタンダード
49200,生存,-24.96774193548387,2026-05-01,日本色材工業研究所,スタンダード
43970,生存,4.123711340206193,2026-05-01,チームスピリット,グロース
45520,生存,-5.892547660311953,2026-05-01,ＪＣＲファーマ,プライム
95630,生存,-39.400428265524624,2026-05-01,Ａｔｌａｓ　Ｔｅｃｈｎｏｌｏｇｉｅｓ,グロース
43510,生存,4.263959390862948,2026-05-01,山田債権回収管理総合事務所,スタンダード
66200,生存,-60.06369426751592,2026-05-01,宮越ホールディングス,プライム
90210,生存,-8.92572521517373,2026-05-01,西日本旅客鉄道,プライム
97880,生存,-3.0018761726078758,2026-05-01,ナック,プライム
44410,生存,68.29896907216495,2026-05-01,トビラシステムズ,スタンダード
90410,生存,4.5729860690490565,2026-05-01,近鉄グループホールディングス,プライム
33930,生存,34.80825958702065,2026-05-01,スターティアホールディングス,プライム
64970,生存,6.319999999999992,2026-05-01,ハマイ,スタンダード
66220,生存,86.06847697756788,2026-05-01,ダイヘン,プライム
62820,生存,14.24825174825175,2026-05-01,オイレス工業,プライム
69410,生存,192.06349206349205,2026-05-01,山一電機,プライム
69810,生存,68.01831262262917,2026-05-01,村田製作所,プライム
72420,生存,63.051470588235304,2026-05-01,カヤバ,プライム
45540,生存,42.64900662251656,2026-05-01,富士製薬工業,プライム
71720,生存,49.57507082152974,2026-05-01,ジャパンインベストメントアドバイザー,プライム
75130,生存,38.8631090487239,2026-05-01,コジマ,プライム
26120,生存,30.223357784554516,2026-05-01,かどや製油,スタンダード
53950,消滅,100.63191153238549,2024-11-01,理研コランダム,スタンダード
76830,生存,37.25685785536159,2026-05-01,ダブルエー,グロース
60720,生存,589.4039735099338,2026-05-01,地盤ネットホールディングス,グロース
79170,生存,27.843579620229363,2026-05-01,藤森工業,プライム
46440,生存,2.6612077789150534,2026-05-01,イマジニア,スタンダード
46310,生存,8.748481166464162,2026-05-01,ＤＩＣ,プライム
19090,生存,358.6074980872226,2026-05-01,日本ドライケミカル,スタンダード
39920,生存,23.035230352303525,2026-05-01,ニーズウェル,プライム
77920,生存,46.945337620578776,2026-05-01,コラントッテ,グロース
55710,生存,9.699999999999998,2026-05-01,エキサイトホールディングス,スタンダード
67040,消滅,82.90816326530613,2024-08-01,岩崎通信機,スタンダード
82780,生存,5.5384615384615365,2026-05-01,フジ,プライム
97440,生存,-2.3358585858585856,2026-05-01,メイテックグループホールディングス,プライム
80790,生存,-10.682819383259911,2026-05-01,正栄食品工業,プライム
51620,生存,40.94202898550725,2026-05-01,朝日ラバー,スタンダード
32320,生存,-9.169550173010377,2026-05-01,三重交通グループホールディングス,プライム
98520,消滅,64.24923391215526,2025-05-01,ＣＢグループマネジメント,スタンダード
22240,生存,24.047124047124058,2026-05-01,コモ,スタンダード
93190,生存,68.824531516184,2026-05-01,中央倉庫,プライム
18480,生存,28.539325842696627,2026-05-01,富士ピー・エス,スタンダード
27490,生存,27.98434442270059,2026-05-01,ＪＰホールディングス,プライム
29970,生存,78.69718309859155,2026-05-01,ストレージ王,グロース
31830,生存,8.119658119658112,2026-05-01,ウイン・パートナーズ,プライム
77710,生存,402.53164556962025,2026-05-01,日本精密,スタンダード
79460,生存,15.259740259740262,2026-05-01,光陽社,スタンダード
59090,生存,1.2958963282937441,2026-05-01,コロナ,スタンダード
36910,生存,330.9338521400778,2026-05-01,デジタルプラス,グロース
36830,生存,34.062927496580016,2026-05-01,サイバーリンクス,スタンダード
47350,生存,-9.444444444444445,2026-05-01,京進,スタンダード
90660,消滅,77.92494481236203,2025-10-01,日新,プライム
69010,生存,5.1990251827782386,2026-05-01,澤藤電機,スタンダード
32050,生存,14.168039538714993,2026-05-01,ダイドーリミテッド,スタンダード
44310,生存,15.4283009938476,2026-05-01,スマレジ,グロース
23780,生存,8.58369098712446,2026-05-01,ルネサンス,プライム
52870,生存,86.35547576301616,2026-05-01,イトーヨーギョー,スタンダード
147A0,生存,-27.74907749077491,2026-05-01,ソラコム,グロース
63420,生存,-3.909612625538017,2026-05-01,太平製作所,スタンダード
77950,生存,30.12048192771084,2026-05-01,ＫＹＯＲＩＴＳＵ,スタンダード
74620,生存,62.56830601092895,2026-05-01,ＣＡＰＩＴＡ,スタンダード
69070,生存,86.93069306930694,2026-05-01,ジオマテック,スタンダード
55920,生存,98.17799579537491,2026-05-01,くすりの窓口,グロース
82000,生存,-3.689236111111116,2026-05-01,リンガーハット,プライム
96320,生存,26.603151337486253,2026-05-01,スバル興業,スタンダード
69520,生存,32.378947368421066,2026-05-01,カシオ計算機,プライム
33590,生存,20.952380952380945,2026-05-01,ｃｏｔｔａ,グロース
91450,生存,-8.307692307692305,2026-05-01,ビーイングホールディングス,スタンダード
25990,消滅,22.663316582914582,2024-10-01,ジャパンフーズ,スタンダード
83930,生存,179.68526466380547,2026-05-01,宮崎銀行,プライム
83490,生存,16.41067097817299,2026-05-01,東北銀行,スタンダード
37760,生存,3.418803418803429,2026-05-01,ブロードバンドタワー,スタンダード
59420,生存,17.35849056603773,2026-05-01,日本フイルコン,スタンダード
72700,生存,-33.32864378165448,2026-05-01,ＳＵＢＡＲＵ,プライム
80020,生存,86.24595469255662,2026-05-01,丸紅,プライム
39930,生存,-12.299465240641716,2026-05-01,ＰＫＳＨＡ　Ｔｅｃｈｎｏｌｏｇｙ,スタンダード
26670,生存,-35.0,2026-05-01,イメージ　ワン,スタンダード
85580,生存,43.47826086956521,2026-05-01,東和銀行,プライム
22060,生存,37.594167679222366,2026-05-01,江崎グリコ,プライム
66160,生存,5.218317358892444,2026-05-01,トレックス・セミコンダクター,プライム
22810,生存,6.609808102345416,2026-05-01,プリマハム,プライム
64950,生存,53.846153846153854,2026-05-01,宮入バルブ製作所,スタンダード
88900,消滅,79.57317073170731,2025-03-03,レーサム,スタンダード
26760,生存,7.569721115537842,2026-05-01,高千穂交易,プライム
91710,生存,94.74226804123711,2026-05-01,栗林商船,スタンダード
74770,生存,39.600296076980015,2026-05-01,ムラキ,スタンダード
63790,生存,24.566160520607383,2026-05-01,レイズネクスト,プライム
46670,生存,21.3401310997815,2026-05-01,アイサンテクノロジー,スタンダード
81050,生存,169.3877551020408,2026-05-01,堀田丸正,スタンダード
29330,生存,-12.995780590717299,2026-05-01,紀文食品,プライム
80950,生存,-0.6198347107438051,2026-05-01,アステナホールディングス,プライム
45840,生存,78.74015748031495,2026-05-01,キッズウェル・バイオ,グロース
48390,生存,8.98876404494382,2026-05-01,ＷＯＷＯＷ,プライム
51420,生存,-11.44615384615385,2026-05-01,アキレス,プライム
79550,生存,20.641562064156215,2026-05-01,クリナップ,プライム
26810,生存,6.937095825984718,2026-05-01,ゲオホールディングス,プライム
70440,生存,98.8929889298893,2026-05-01,ピアラ,スタンダード
78050,生存,24.95812395309882,2026-05-01,プリントネット,スタンダード
88180,生存,22.62820512820514,2026-05-01,京阪神ビルディング,プライム
44830,生存,17.503059975520195,2026-05-01,ＪＭＤＣ,プライム
28920,生存,29.146919431279628,2026-05-01,日本食品化工,スタンダード
51010,生存,57.666666666666664,2026-05-01,横浜ゴム,プライム
31760,生存,2.5324675324675416,2026-05-01,三洋貿易,プライム
40530,生存,-50.64629847238543,2026-05-01,Ｓｕｎ　Ａｓｔｅｒｉｓｋ,プライム
18610,生存,64.3956043956044,2026-05-01,熊谷組,プライム
54710,生存,16.391883322764734,2026-05-01,大同特殊鋼,プライム
59570,生存,31.918505942275033,2026-05-01,日東精工,プライム
65990,生存,48.625054561326934,2026-05-01,エブレン,スタンダード
78070,生存,-36.278342455043,2026-05-01,幸和製作所,スタンダード
83990,生存,94.32348367029549,2026-05-01,琉球銀行,プライム
97900,生存,38.771186440677965,2026-05-01,福井コンピュータホールディングス,プライム
96920,生存,10.54441260744985,2026-05-01,シーイーシー,プライム
71570,生存,24.7983870967742,2026-05-01,ライフネット生命保険,グロース
79970,生存,12.796208530805696,2026-05-01,くろがね工作所,スタンダード
75590,消滅,35.19140362659503,2025-05-01,ジーエフシー,スタンダード
99280,生存,-4.761904761904767,2026-05-01,ミロク情報サービス,プライム
19630,生存,89.81297254277756,2026-05-01,日揮ホールディングス,プライム
64110,消滅,34.76027397260273,2025-10-01,中野冷機,スタンダード
56180,生存,-66.56084656084656,2026-05-01,ナイル,グロース
69650,生存,-13.254054054054054,2026-05-01,浜松ホトニクス,プライム
90900,生存,-27.908868999186332,2026-05-01,ＡＺ−ＣＯＭ丸和ホールディングス,プライム
31330,生存,-73.66666666666667,2026-05-01,海帆,グロース
73730,生存,-28.246942341292957,2026-05-01,アイドマ・ホールディングス,グロース
61910,生存,-46.45061728395061,2026-05-01,エアトリ,プライム
91640,消滅,85.59322033898304,2025-09-01,トライト,グロース
47770,生存,-15.350877192982459,2026-05-01,ガーラ,スタンダード
39210,生存,4.79082321187585,2026-05-01,ネオジャパン,プライム
38070,生存,11.340206185567014,2026-05-01,フィスコ,グロース
75990,生存,0.0,2026-05-01,ＩＤＯＭ,プライム
90390,生存,21.181434599156113,2026-05-01,サカイ引越センター,プライム
48940,生存,32.60000000000001,2026-05-01,クオリプス,グロース
30680,生存,-7.975270479134466,2026-05-01,ＷＤＩ,スタンダード
70660,生存,-49.513513513513516,2026-05-01,ピアズ,グロース
77270,生存,52.49457700650759,2026-05-01,オーバル,スタンダード
26780,生存,-45.8295142071494,2026-05-01,アスクル,プライム
22930,生存,-11.475409836065575,2026-05-01,滝沢ハム,スタンダード
28970,生存,-29.151987921489685,2026-05-01,日清食品ホールディングス,プライム
77770,生存,264.49275362318843,2026-05-01,スリー・ディー・マトリックス,グロース
98240,生存,9.642857142857153,2026-05-01,泉州電業,プライム
48000,生存,42.92397660818714,2026-05-01,オリコン,スタンダード
72050,消滅,2.5582974869821085,2026-03-02,日野自動車,プライム
23760,生存,-11.64383561643836,2026-05-01,サイネックス,スタンダード
82300,生存,-7.288629737609331,2026-05-01,はせがわ,スタンダード
70720,生存,-19.9047619047619,2026-05-01,インティメート・マージャー,グロース
37410,生存,37.64842840512224,2026-05-01,セック,プライム
74440,生存,-3.9731929152704626,2026-05-01,ハリマ共和物産,スタンダード
65720,生存,-14.173228346456689,2026-05-01,オープングループ,プライム
86140,生存,66.75126903553299,2026-05-01,東洋証券,プライム
94180,生存,-1.6181229773462813,2026-05-01,Ｕ−ＮＥＸＴ　ＨＯＬＤＩＮＧＳ,プライム
95610,生存,-18.568665377176018,2026-05-01,グラッドキューブ,グロース
96580,生存,31.949381487274287,2026-05-01,ビジネスブレイン太田昭和,プライム
48900,生存,-16.997167138810198,2026-05-01,坪田ラボ,グロース
18400,生存,-6.008583690987123,2026-05-01,土屋ホールディングス,スタンダード
83880,生存,114.87320082248114,2026-05-01,阿波銀行,プライム
81530,生存,15.689149560117311,2026-05-01,モスフードサービス,プライム
18710,生存,160.66212268743914,2026-05-01,ピーエス三菱,プライム
37710,生存,5.341055341055334,2026-05-01,システムリサーチ,プライム
64170,生存,20.453053184504277,2026-05-01,ＳＡＮＫＹＯ,プライム
80010,生存,31.938911022576356,2026-05-01,伊藤忠商事,プライム
97800,生存,28.201634877384187,2026-05-01,ハリマビステム,スタンダード
35690,生存,26.09387430389818,2026-05-01,セーレン,プライム
75220,生存,7.3908174692049355,2026-05-01,ワタミ,プライム
65370,生存,7.9510703363914415,2026-05-01,ＷＡＳＨハウス,グロース
68770,生存,31.516587677725116,2026-05-01,ＯＢＡＲＡ　ＧＲＯＵＰ,スタンダード
61370,生存,56.655290102389074,2026-05-01,小池酸素工業,スタンダード
62400,生存,36.91460055096418,2026-05-01,ヤマシンフィルタ,プライム
80930,生存,9.63435867672664,2026-05-01,極東貿易,プライム
69860,生存,37.453183520599254,2026-05-01,双葉電子工業,プライム
42420,生存,-10.961538461538467,2026-05-01,タカギセイコー,スタンダード
64050,生存,-20.96890817064353,2026-05-01,鈴茂器工,スタンダード
46900,消滅,8.565217391304358,2026-04-01,日本パレットプール,スタンダード
57060,生存,711.6228503656849,2026-05-01,三井金属鉱業,プライム
64800,生存,90.19933554817277,2026-05-01,日本トムソン,プライム
64570,生存,45.092409833123995,2026-05-01,グローリー,プライム
92710,生存,70.79303675048357,2026-05-01,和心,グロース
81420,生存,35.5365397855808,2026-05-01,トーホー,プライム
43500,生存,-18.720748829953195,2026-05-01,メディカルシステムネットワーク,スタンダード
41510,生存,-10.688304420817008,2026-05-01,協和キリン,プライム
55880,生存,-20.914396887159537,2026-05-01,ファーストアカウンティング,グロース
50260,生存,-60.079051383399204,2026-05-01,トリプルアイズ,グロース
19500,生存,136.24194348041647,2026-05-01,日本電設工業,プライム
59020,生存,29.36221419975933,2026-05-01,ホッカンホールディングス,プライム
67680,生存,17.762237762237753,2026-05-01,タムラ製作所,プライム
44840,生存,13.306451612903224,2026-05-01,ランサーズ,グロース
60450,生存,280.6004618937644,2026-05-01,レントラックス,グロース
33870,生存,31.93046660567247,2026-05-01,クリエイト・レストランツ・ホールディングス,プライム
20040,生存,-5.937499999999996,2026-05-01,昭和産業,プライム
48890,生存,230.85399449035813,2026-05-01,レナサイエンス,グロース
46340,生存,13.742690058479523,2026-05-01,ａｒｔｉｅｎｃｅ,プライム
67760,生存,-24.10958904109589,2026-05-01,天昇電気工業,スタンダード
76940,生存,14.92805755395683,2026-05-01,いつも,グロース
78590,生存,-36.065573770491795,2026-05-01,アルメディオ,スタンダード
80770,生存,-11.715481171548115,2026-05-01,トルク,スタンダード
88350,生存,15.762925598991174,2026-05-01,太平洋興発,スタンダード
47500,生存,-15.091463414634143,2026-05-01,ダイサン,スタンダード
88710,生存,33.37344564781388,2026-05-01,ゴールドクレスト,スタンダード
94190,生存,25.652173913043484,2026-05-01,ワイヤレスゲート,スタンダード
63250,生存,-12.82051282051282,2026-05-01,タカキタ,スタンダード
30590,生存,-18.756476683937827,2026-05-01,ヒラキ,スタンダード
41760,生存,-29.503916449086166,2026-05-01,ココナラ,グロース
49310,生存,19.056152927120664,2026-05-01,新日本製薬,プライム
69880,生存,24.428749480681343,2026-05-01,日東電工,プライム
70030,生存,264.6675358539765,2026-05-01,三井Ｅ＆Ｓ,プライム
97170,消滅,-0.051679586563302404,2024-09-02,ジャステック,プライム
58700,生存,44.57478005865103,2026-05-01,ナルネットコミュニケーションズ,グロース
27760,生存,-17.021276595744684,2026-05-01,新都ホールディングス,スタンダード
29840,生存,-19.186046511627907,2026-05-01,ヤマイチ・ユニハイムエステート,スタンダード
71840,生存,109.46938775510202,2026-05-01,富山第一銀行,プライム
75520,生存,51.70454545454546,2026-05-01,ハピネット,プライム
45210,生存,7.576557550158403,2026-05-01,科研製薬,プライム
65630,生存,-34.510250569476085,2026-05-01,みらいワークス,グロース
40780,生存,39.7594752186589,2026-05-01,堺化学工業,プライム
66290,生存,137.75510204081633,2026-05-01,テクノホライゾン,スタンダード
69470,生存,9.523809523809534,2026-05-01,図研,プライム
69050,生存,-7.463768115942027,2026-05-01,コーセル,プライム
74590,生存,19.863742814562492,2026-05-01,メディパルホールディングス,プライム
18200,生存,30.189540991093857,2026-05-01,西松建設,プライム
42930,生存,14.986376021798375,2026-05-01,セプテーニ・ホールディングス,スタンダード
17800,生存,11.620795107033643,2026-05-01,ヤマウラ,プライム
19800,生存,159.7692926763838,2026-05-01,ダイダン,プライム
30240,生存,17.35889243876465,2026-05-01,クリエイト,スタンダード
42020,生存,-22.963659147869674,2026-05-01,ダイセル,プライム
21570,生存,16.764361078546308,2026-05-01,コシダカホールディングス,プライム
57210,生存,236.8794326241135,2026-05-01,エス・サイエンス,スタンダード
29820,生存,75.65217391304348,2026-05-01,ＡＤワークスグループ,プライム
99590,生存,37.603993344425966,2026-05-01,アシードホールディングス,スタンダード
39780,消滅,42.21724524076147,2025-06-02,マクロミル,プライム
47520,生存,16.843702579666164,2026-05-01,昭和システムエンジニアリング,スタンダード
32890,生存,21.816522136010953,2026-05-01,東急不動産ホールディングス,プライム
21300,生存,32.07317073170732,2026-05-01,メンバーズ,プライム
30580,生存,-0.8559201141226769,2026-05-01,三洋堂ホールディングス,スタンダード
39850,生存,-12.558139534883717,2026-05-01,テモナ,スタンダード
72990,生存,18.885869565217384,2026-05-01,フジオーゼックス,スタンダード
94790,消滅,29.746835443037977,2025-07-01,インプレスホールディングス,スタンダード
69630,生存,71.56211562115622,2026-05-01,ローム,プライム
67780,生存,-5.891016200294552,2026-05-01,アルチザネットワークス,スタンダード
72760,生存,14.50953678474114,2026-05-01,小糸製作所,プライム
67270,生存,-2.188782489740082,2026-05-01,ワコム,プライム
24850,生存,7.592190889370931,2026-05-01,ティア,スタンダード
63490,生存,17.381137957911143,2026-05-01,小森コーポレーション,プライム
60870,生存,3.0257186081694476,2026-05-01,アビスト,スタンダード
57270,生存,164.7754137115839,2026-05-01,東邦チタニウム,プライム
60630,生存,28.15126050420169,2026-05-01,日本エマージェンシーアシスタンス,スタンダード
67180,生存,-4.611732790776535,2026-05-01,アイホン,プライム
80380,消滅,13.698630136986312,2025-06-02,東都水産,スタンダード
32040,生存,19.54022988505748,2026-05-01,トーア紡コーポレーション,スタンダード
47680,生存,-4.723752295109329,2026-05-01,大塚商会,プライム
62930,消滅,-12.693798449612403,2026-03-02,日精樹脂工業,プライム
74760,生存,-14.981049271893077,2026-05-01,アズワン,プライム
97680,生存,50.95913261050875,2026-05-01,いであ,スタンダード
80250,消滅,10.989010989010994,2026-04-01,ツカモトコーポレーション,スタンダード
86980,生存,-14.028314028314027,2026-05-01,マネックスグループ,プライム
77800,生存,20.715350223546935,2026-05-01,メニコン,プライム
90070,生存,-0.125234815278652,2026-05-01,小田急電鉄,プライム
69940,生存,164.1509433962264,2026-05-01,指月電機製作所,スタンダード
46420,生存,31.161971830985923,2026-05-01,オリジナル設計,スタンダード
24270,消滅,0.0,2024-06-03,アウトソーシング,プライム
79220,生存,74.8780487804878,2026-05-01,三光産業,スタンダード
58090,消滅,8.93854748603351,2024-11-01,タツタ電線,プライム
81730,生存,16.979655712050068,2026-05-01,上新電機,プライム
96560,生存,-13.38028169014085,2026-05-01,グリーンランドリゾート,スタンダード
33470,消滅,37.37373737373737,2025-08-01,トラスト,スタンダード
17260,生存,47.058823529411775,2026-05-01,ビーアールホールディングス,プライム
37500,生存,-20.11661807580175,2026-05-01,サイトリ細胞研究所,スタンダード
36680,生存,-24.119718309859152,2026-05-01,コロプラ,プライム
20020,生存,12.771356075556817,2026-05-01,日清製粉グループ本社,プライム
44610,生存,117.23237597911229,2026-05-01,第一工業製薬,プライム
58200,生存,-39.89598811292719,2026-05-01,三ッ星,スタンダード
61980,生存,-35.6353591160221,2026-05-01,キャリア,グロース
64320,生存,15.460526315789469,2026-05-01,竹内製作所,プライム
65940,生存,-37.69000909445238,2026-05-01,ニデック,プライム
59650,生存,7.482394366197176,2026-05-01,フジマック,スタンダード
53020,生存,-14.452423698384198,2026-05-01,日本カーボン,プライム
18840,消滅,39.59955506117909,2025-10-01,日本道路,プライム
45940,生存,0.0,2026-05-01,ブライトパス・バイオ,グロース
17950,消滅,16.72955974842767,2026-04-01,マサル,スタンダード
19260,生存,90.2414982750123,2026-05-01,ライト工業,プライム
89140,生存,24.171779141104288,2026-05-01,エリアリンク,スタンダード
59730,生存,6.866197183098599,2026-05-01,トーアミ,スタンダード
96980,生存,7.916287534121924,2026-05-01,クレオ,スタンダード
70400,生存,-5.882352941176472,2026-05-01,サン・ライフホールディング,スタンダード
40450,生存,10.927901713546717,2026-05-01,東亞合成,プライム
44870,生存,0.35842293906809264,2026-05-01,スペースマーケット,グロース
71640,生存,8.515474733344996,2026-05-01,全国保証,プライム
90760,生存,14.343772412144396,2026-05-01,セイノーホールディングス,プライム
79250,生存,5.117270788912576,2026-05-01,前澤化成工業,プライム
50270,生存,-59.91692627206646,2026-05-01,ＡｎｙＭｉｎｄ　Ｇｒｏｕｐ,グロース
80410,生存,46.82835820895524,2026-05-01,ＯＵＧホールディングス,スタンダード
33410,消滅,180.3302225412778,2025-12-01,日本調剤,プライム
81980,生存,13.278688524590155,2026-05-01,マックスバリュ東海,スタンダード
14350,生存,18.934911242603558,2026-05-01,ｒｏｂｏｔ　ｈｏｍｅ,スタンダード
35650,生存,139.63381798599892,2026-05-01,アセンテック,スタンダード
42280,生存,-2.3913043478260843,2026-05-01,積水化成品工業,プライム
44380,生存,-43.970315398886825,2026-05-01,Ｗｅｌｂｙ,グロース
48260,生存,7.002188183807445,2026-05-01,ＣＩＪ,プライム
23590,生存,6.892895015906686,2026-05-01,コア,プライム
33260,生存,72.636815920398,2026-05-01,ランシステム,スタンダード
65640,生存,37.92207792207791,2026-05-01,ミダックホールディングス,プライム
85960,生存,21.822962313759863,2026-05-01,九州リースサービス,スタンダード
70330,生存,-25.0,2026-05-01,マネジメントソリューションズ,プライム
99460,生存,16.677155443675275,2026-05-01,ミニストップ,プライム
31960,生存,-39.98468019915741,2026-05-01,ホットランド,プライム
43180,生存,6.938433617199502,2026-05-01,クイック,プライム
20030,生存,7.088989441930615,2026-05-01,日東富士製粉,スタンダード
65380,生存,36.257309941520475,2026-05-01,キャリアインデックス,スタンダード
72120,生存,12.347560975609762,2026-05-01,エフテック,スタンダード
45160,生存,52.423469387755105,2026-05-01,日本新薬,プライム
41970,生存,-0.2083333333333326,2026-05-01,アスマーク,スタンダード
44770,生存,1.0526315789473717,2026-05-01,ＢＡＳＥ,グロース
39620,生存,-28.366533864541832,2026-05-01,チェンジホールディングス,プライム
80600,生存,61.8112870845416,2026-05-01,キヤノンマーケティングジャパン,プライム
82750,生存,-24.478041756659465,2026-05-01,フォーバル,スタンダード
96010,生存,10.466343110360832,2026-05-01,松竹,プライム
21620,生存,6.666666666666665,2026-05-01,ｎｍｓ　ホールディングス,スタンダード
52470,生存,-21.88044109112014,2026-05-01,ＢＴＭ,グロース
44400,生存,48.86649874055416,2026-05-01,ヴィッツ,スタンダード
63510,生存,-1.0407239819004488,2026-05-01,鶴見製作所,プライム
76400,生存,22.151898734177223,2026-05-01,トップカルチャー,スタンダード
98850,生存,-22.045454545454547,2026-05-01,シャルレ,スタンダード
34840,生存,31.06682297772567,2026-05-01,テンポイノベーション,プライム
37260,生存,-16.188524590163933,2026-05-01,フォーシーズＨＤ,スタンダード
44820,生存,13.030303030303036,2026-05-01,ウィルズ,グロース
73430,生存,-27.73809523809524,2026-05-01,ブロードマインド,グロース
47540,消滅,17.995069843878397,2026-04-01,トスネット,スタンダード
69580,生存,7.190635451505023,2026-05-01,日本シイエムケイ,プライム
21530,生存,-5.183098591549296,2026-05-01,Ｅ・Ｊホールディングス,プライム
75020,生存,-15.659068384539143,2026-05-01,プラザホールディングス,スタンダード
151A0,生存,-32.694355697550584,2026-05-01,ダイブ,グロース
17430,消滅,32.17391304347825,2025-11-04,コーアツ工業,スタンダード
41660,生存,-4.329608938547491,2026-05-01,かっこ,グロース
66150,生存,-27.455919395466,2026-05-01,ユー・エム・シー・エレクトロニクス,プライム
79010,生存,-41.51177199504337,2026-05-01,マツモト,スタンダード
50290,生存,11.775700934579447,2026-05-01,サークレイス,グロース
33710,生存,-10.417715148465023,2026-05-01,ソフトクリエイトホールディングス,プライム
30990,生存,-10.906090609060904,2026-05-01,三越伊勢丹ホールディングス,プライム
55420,生存,21.944245889921365,2026-05-01,新報国マテリアル,スタンダード
24130,生存,-7.9076923076923045,2026-05-01,エムスリー,プライム
98890,生存,56.087408949011454,2026-05-01,ＪＢＣＣホールディングス,プライム
44210,生存,14.375000000000004,2026-05-01,ディ・アイ・システム,スタンダード
69550,生存,-40.55555555555556,2026-05-01,ＦＤＫ,スタンダード
25400,生存,73.96013864818025,2026-05-01,養命酒製造,プライム
37690,生存,9.981723604667515,2026-05-01,ＧＭＯペイメントゲートウェイ,プライム
90600,生存,12.244897959183664,2026-05-01,日本ロジテム,スタンダード
24100,生存,42.450638792102204,2026-05-01,キャリアデザインセンター,プライム
82080,消滅,33.58946212952798,2025-08-01,エンチョー,スタンダード
93030,生存,47.88184998056744,2026-05-01,住友倉庫,プライム
78720,生存,-8.782742681047761,2026-05-01,エステールホールディングス,スタンダード
64670,生存,-6.666666666666665,2026-05-01,ニチダイ,スタンダード
80390,生存,1.3819095477386911,2026-05-01,築地魚市場,スタンダード
18820,生存,35.48387096774193,2026-05-01,東亜道路工業,プライム
68030,生存,13.541666666666675,2026-05-01,ティアック,スタンダード
69300,消滅,38.62520458265139,2025-11-04,日本アンテナ,スタンダード
34090,生存,25.773195876288657,2026-05-01,北日本紡績,スタンダード
41250,生存,50.12776831345826,2026-05-01,三和油化工業,スタンダード
94170,生存,-25.552825552825553,2026-05-01,スマートバリュー,スタンダード
63220,生存,-18.840579710144922,2026-05-01,タクミナ,スタンダード
34970,消滅,30.226480836236934,2025-09-01,ＬｅＴｅｃｈ,グロース
59880,生存,-30.56433408577878,2026-05-01,パイオラックス,プライム
96400,生存,23.967391304347817,2026-05-01,セゾンテクノロジー,スタンダード
82090,消滅,-40.57692307692308,2026-04-01,フレンドリー,スタンダード
62660,生存,-16.528925619834713,2026-05-01,タツモ,プライム
41930,生存,33.33333333333333,2026-05-01,ファブリカホールディングス,スタンダード
31900,生存,-6.260296540362442,2026-05-01,ホットマン,スタンダード
34940,生存,-13.10679611650486,2026-05-01,マリオン,スタンダード
90650,生存,48.66900175131348,2026-05-01,山九,プライム
64660,生存,83.9080459770115,2026-05-01,ＴＶＥ,スタンダード
92500,生存,-40.93325457767277,2026-05-01,ＧＲＣＳ,グロース
93300,生存,-5.35714285714286,2026-05-01,揚羽,グロース
30010,生存,21.703950499762016,2026-05-01,片倉工業,スタンダード
90490,生存,-0.13513513513513375,2026-05-01,京福電気鉄道,スタンダード
36320,生存,-29.8828125,2026-05-01,グリー,プライム
62180,生存,-18.67977528089888,2026-05-01,エンシュウ,スタンダード
28770,消滅,-8.034610630407911,2026-04-01,日東ベスト,スタンダード
83430,生存,106.51340996168584,2026-05-01,秋田銀行,プライム
85500,生存,144.41624365482232,2026-05-01,栃木銀行,プライム
52580,生存,-40.03795066413662,2026-05-01,トランザクション・メディア・ネットワークス,グロース
44650,生存,19.91547807712626,2026-05-01,ニイタカ,スタンダード
54060,生存,-5.639280505590671,2026-05-01,神戸製鋼所,プライム
34210,生存,-15.042907622412926,2026-05-01,稲葉製作所,スタンダード
66990,生存,-23.755334281650075,2026-05-01,ダイヤモンドエレクトリックホールディングス,プライム
89990,生存,-6.401384083044981,2026-05-01,グランディハウス,プライム
38390,生存,3.47682119205297,2026-05-01,ＯＤＫソリューションズ,スタンダード
30310,生存,-2.2761760242792084,2026-05-01,ラクーンホールディングス,プライム
67450,生存,164.8793565683646,2026-05-01,ホーチキ,プライム
93850,生存,17.796610169491522,2026-05-01,ショーエイコーポレーション,スタンダード
79910,生存,-0.8744038155802825,2026-05-01,マミヤ・オーピー,スタンダード
93470,生存,11.548966055403831,2026-05-01,日本管財ホールディングス,プライム
24040,生存,37.74038461538463,2026-05-01,鉄人化ホールディングス,スタンダード
31570,生存,22.222222222222232,2026-05-01,ジオリーブグループ,スタンダード
59810,生存,32.597105864432606,2026-05-01,東京製綱,プライム
95320,生存,60.90267983074753,2026-05-01,大阪瓦斯,プライム
94460,生存,39.95983935742973,2026-05-01,サカイホールディングス,スタンダード
18220,生存,11.36023916292974,2026-05-01,大豊建設,スタンダード
80050,生存,19.834710743801654,2026-05-01,スクロール,プライム
42870,生存,33.42618384401115,2026-05-01,ジャストプランニング,スタンダード
24830,生存,-11.172069825436404,2026-05-01,翻訳センター,スタンダード
17170,生存,9.255079006772004,2026-05-01,明豊ファシリティワークス,スタンダード
98560,生存,-5.045492142266339,2026-05-01,ケーユーホールディングス,スタンダード
32380,生存,-29.19132149901381,2026-05-01,セントラル総合開発,スタンダード
20010,生存,13.893728222996526,2026-05-01,ニップン,プライム
46860,生存,31.15916341722793,2026-05-01,ジャストシステム,プライム
63680,生存,76.01809954751131,2026-05-01,オルガノ,プライム
79900,生存,2.327790973871724,2026-05-01,グローブライド,プライム
83540,生存,39.033376679670575,2026-05-01,ふくおかフィナンシャルグループ,プライム
60540,生存,-47.74774774774775,2026-05-01,リブセンス,スタンダード
56210,生存,9.731299927378355,2026-05-01,ヒューマンテクノロジーズ,グロース
38450,生存,188.0434782608696,2026-05-01,アイフリークモバイル,スタンダード
38630,生存,38.62487360970677,2026-05-01,日本製紙,プライム
27600,生存,-20.856820744081173,2026-05-01,東京エレクトロン　デバイス,プライム
28750,生存,-4.56784594715629,2026-05-01,東洋水産,プライム
45740,生存,-21.293800539083563,2026-05-01,大幸薬品,プライム
47830,生存,47.88990825688073,2026-05-01,ＮＣＤ,スタンダード
21700,生存,30.804597701149426,2026-05-01,リンクアンドモチベーション,プライム
72830,生存,24.643874643874653,2026-05-01,愛三工業,プライム
80370,生存,54.807692307692314,2026-05-01,カメイ,プライム
92580,生存,-15.601023017902815,2026-05-01,ＣＳ−Ｃ,グロース
43670,生存,-6.337412587412583,2026-05-01,広栄化学,スタンダード
43680,生存,152.8,2026-05-01,扶桑化学工業,プライム
68360,生存,251.23793537557697,2026-05-01,ぷらっとホーム,スタンダード
82890,生存,99.8076923076923,2026-05-01,Ｏｌｙｍｐｉｃグループ,スタンダード
68410,生存,32.3464643993149,2026-05-01,横河電機,プライム
97090,生存,87.86764705882352,2026-05-01,ＮＣＳ＆Ａ,スタンダード
76190,生存,3.5582822085889587,2026-05-01,田中商事,スタンダード
27890,生存,2.914798206278024,2026-05-01,カルラ,スタンダード
37470,生存,44.0506329113924,2026-05-01,インタートレード,スタンダード
18780,生存,4.737783075089386,2026-05-01,大東建託,プライム
31160,生存,-2.345132743362832,2026-05-01,トヨタ紡織,プライム
55970,生存,114.34977578475336,2026-05-01,ブルーイノベーション,グロース
22260,生存,11.483253588516739,2026-05-01,湖池屋,スタンダード
59670,生存,-11.726685133887349,2026-05-01,ＴＯＮＥ,スタンダード
63190,消滅,70.33898305084745,2025-05-01,シンニッタン,スタンダード
79430,生存,-11.237553342816497,2026-05-01,ニチハ,プライム
66530,生存,59.0237636480411,2026-05-01,正興電機製作所,プライム
94160,生存,-8.597662771285474,2026-05-01,ビジョン,プライム
31560,生存,-7.732463295269165,2026-05-01,レスター,プライム
54460,生存,-11.723163841807905,2026-05-01,北越メタル,スタンダード
64580,生存,-4.669260700389099,2026-05-01,新晃工業,プライム
21750,生存,-12.170385395537531,2026-05-01,エス・エム・エス,プライム
40950,生存,17.909238249594807,2026-05-01,日本パーカライジング,プライム
78030,生存,55.55555555555556,2026-05-01,ブシロード,グロース
96210,生存,12.858575727181542,2026-05-01,建設技術研究所,プライム
98430,生存,-33.78299970989266,2026-05-01,ニトリホールディングス,プライム
28160,生存,-1.1259676284306797,2026-05-01,ダイショー,スタンダード
58510,生存,0.7575757575757569,2026-05-01,リョービ,プライム
69960,生存,103.93013100436681,2026-05-01,ニチコン,プライム
73890,生存,165.63623292595256,2026-05-01,あいちフィナンシャルグループ,プライム
92320,消滅,16.448087431693992,2025-01-06,パスコ,スタンダード
79810,生存,77.25173210161662,2026-05-01,タカラスタンダード,プライム
79990,生存,194.78193146417448,2026-05-01,ＭＵＴＯＨホールディングス,スタンダード
28180,生存,-3.6727879799666074,2026-05-01,ピエトロ,スタンダード
21640,生存,46.08501118568231,2026-05-01,地域新聞社,グロース
68190,生存,2.614379084967311,2026-05-01,伊豆シャボテンリゾート,スタンダード
44620,生存,38.324607329842934,2026-05-01,石原ケミカル,プライム
68040,生存,36.2686567164179,2026-05-01,ホシデン,プライム
77230,生存,35.4553903345725,2026-05-01,愛知時計電機,プライム
88940,生存,-83.33333333333334,2026-05-01,ＲＥＶＯＬＵＴＩＯＮ,スタンダード
87930,生存,1.9108280254777066,2026-05-01,ＮＥＣキャピタルソリューション,プライム
176A0,消滅,91.11266620013996,2026-01-05,レジル,グロース
34450,生存,82.85714285714285,2026-05-01,ＲＳ　Ｔｅｃｈｎｏｌｏｇｉｅｓ,プライム
73540,生存,24.06639004149378,2026-05-01,ダイレクトマーケティングミックス,プライム
62460,生存,12.76722090261282,2026-05-01,テクノスマート,スタンダード
36960,生存,6.233900051519825,2026-05-01,セレス,プライム
78510,生存,-11.894273127753308,2026-05-01,カワセコンピュータサプライ,スタンダード
90690,生存,62.34458259325044,2026-05-01,センコーグループホールディングス,プライム
63170,生存,11.911554921540656,2026-05-01,北川鉄工所,スタンダード
35260,消滅,65.99353796445881,2026-02-02,芦森工業,スタンダード
92010,生存,-4.677480196152395,2026-05-01,日本航空,プライム
48490,生存,-58.377760853008375,2026-05-01,エン・ジャパン,プライム
91300,生存,30.483870967741943,2026-05-01,共栄タンカー,スタンダード
37700,消滅,-3.971962616822433,2025-10-01,ザッパラス,スタンダード
61460,生存,20.436739456576092,2026-05-01,ディスコ,プライム
76760,消滅,-18.635926993275696,2024-08-01,グッドスピード,グロース
73570,生存,110.02785515320332,2026-05-01,ジオコード,スタンダード
93530,生存,26.221224031443,2026-05-01,櫻島埠頭,スタンダード
34010,生存,1.0996119016817518,2026-05-01,帝人,プライム
38400,生存,-59.154929577464785,2026-05-01,パス,スタンダード
35130,生存,78.96253602305477,2026-05-01,イチカワ,スタンダード
13330,生存,19.434306569343065,2026-05-01,マルハニチロ,プライム
68740,生存,62.03898050974512,2026-05-01,協立電機,スタンダード
53560,生存,45.62500000000001,2026-05-01,美濃窯業,スタンダード
75500,生存,39.86464711569448,2026-05-01,ゼンショーホールディングス,プライム
39430,生存,30.843840931134814,2026-05-01,大石産業,スタンダード
67440,生存,82.60493292946775,2026-05-01,能美防災,プライム
42210,生存,62.31404958677687,2026-05-01,大倉工業,プライム
47620,生存,3.200000000000003,2026-05-01,エックスネット,スタンダード
48910,生存,-29.52380952380952,2026-05-01,ティムス,グロース
59550,生存,42.10526315789473,2026-05-01,ヤマシナ,スタンダード
67570,生存,0.2355712603062443,2026-05-01,ＯＳＧコーポレーション,スタンダード
74670,消滅,-2.722772277227725,2026-03-02,萩原電気ホールディングス,プライム
61780,生存,17.85946649316852,2026-05-01,日本郵政,プライム
77820,生存,-4.3010752688172005,2026-05-01,シンシア,スタンダード
92410,生存,-3.687943262411353,2026-05-01,フューチャーリンクネットワーク,グロース
24370,生存,-19.24528301886792,2026-05-01,Ｓｈｉｎｗａ　Ｗｉｓｅ　Ｈｏｌｄｉｎｇｓ,スタンダード
80070,生存,51.09419600380589,2026-05-01,高島,プライム
39500,生存,0.2071664236936943,2026-05-01,ザ・パック,プライム
62500,生存,82.22326454033771,2026-05-01,やまびこ,プライム
55330,生存,9.954751131221728,2026-05-01,エリッツホールディングス,スタンダード
23300,生存,-61.79775280898876,2026-05-01,フォーサイド,スタンダード
42620,生存,40.262361251261346,2026-05-01,ニフティライフスタイル,グロース
67430,生存,64.46280991735537,2026-05-01,大同信号,スタンダード
21460,生存,-9.452736318407961,2026-05-01,ＵＴグループ,プライム
68240,生存,158.48800362154822,2026-05-01,新コスモス電機,スタンダード
77160,生存,18.7633262260128,2026-05-01,ナカニシ,スタンダード
42310,生存,16.666666666666675,2026-05-01,タイガースポリマー,スタンダード
33820,生存,-5.632070831283819,2026-05-01,セブン＆アイ・ホールディングス,プライム
59470,生存,-5.504345535949429,2026-05-01,リンナイ,プライム
76790,生存,-37.31663685152057,2026-05-01,薬王堂ホールディングス,プライム
50760,生存,57.12171661117278,2026-05-01,インフロニア・ホールディングス,プライム
29310,生存,-27.567567567567565,2026-05-01,ユーグレナ,プライム
31840,生存,52.89982425307558,2026-05-01,ＩＣＤＡホールディングス,スタンダード
18070,生存,8.028792912513838,2026-05-01,佐藤渡辺,スタンダード
38430,生存,-0.1423487544483959,2026-05-01,フリービット,プライム
81570,生存,54.120267260579055,2026-05-01,都築電気,プライム
28100,生存,3.0001714383679046,2026-05-01,ハウス食品グループ本社,プライム
36340,生存,0.741525423728806,2026-05-01,ソケッツ,スタンダード
72390,生存,5.017921146953408,2026-05-01,タチエス,プライム
13770,生存,22.023809523809533,2026-05-01,サカタのタネ,プライム
64480,生存,-1.6176956091119132,2026-05-01,ブラザー工業,プライム
24810,生存,-9.664948453608247,2026-05-01,タウンニュース社,スタンダード
36800,生存,-25.986842105263154,2026-05-01,ホットリンク,グロース
67520,生存,137.2591006423983,2026-05-01,パナソニック　ホールディングス,プライム
59830,生存,86.93181818181819,2026-05-01,イワブチ,スタンダード
28840,生存,-57.276702061211736,2026-05-01,ヨシムラ・フード・ホールディングス,プライム
69990,生存,23.241795043536495,2026-05-01,ＫＯＡ,プライム
43950,生存,54.790823211875846,2026-05-01,アクリート,グロース
69950,生存,28.798185941043087,2026-05-01,東海理化電機製作所,プライム
59890,生存,42.61744966442953,2026-05-01,エイチワン,プライム
61380,生存,39.11483253588517,2026-05-01,ダイジェット工業,スタンダード
44390,生存,19.665271966527186,2026-05-01,東名,スタンダード
61500,生存,-4.33482810164425,2026-05-01,タケダ機械,スタンダード
83580,生存,98.25021872265967,2026-05-01,スルガ銀行,プライム
58440,生存,53.81639113612382,2026-05-01,京都フィナンシャルグループ,プライム
29380,生存,119.08256880733946,2026-05-01,オカムラ食品工業,スタンダード
43160,生存,-56.75,2026-05-01,ビーマップ,グロース
74160,生存,15.384615384615374,2026-05-01,はるやまホールディングス,スタンダード
62240,生存,39.372822299651574,2026-05-01,ＪＲＣ,グロース
65320,生存,59.94970135177618,2026-05-01,ベイカレント・コンサルティング,プライム
61250,生存,-10.783316378433373,2026-05-01,岡本工作機械製作所,スタンダード
66980,消滅,85.32883642495783,2024-11-01,ヴィスコ・テクノロジーズ,スタンダード
93120,生存,41.18483412322276,2026-05-01,ケイヒン,スタンダード
36970,生存,-36.16435663029588,2026-05-01,ＳＨＩＦＴ,プライム
34570,生存,-9.778911564625847,2026-05-01,Ａｎｄ　Ｄｏホールディングス,プライム
60900,生存,7.309486780715391,2026-05-01,ヒューマン・メタボローム・テクノロジーズ,グロース
85370,生存,38.376587520706785,2026-05-01,大光銀行,スタンダード
96360,消滅,3.629536921151444,2026-04-01,きんえい,スタンダード
24920,生存,26.751592356687894,2026-05-01,インフォマート,プライム
31860,生存,36.27214170692432,2026-05-01,ネクステージ,プライム
81130,生存,-46.09545106808686,2026-05-01,ユニ・チャーム,プライム
66170,生存,264.8393194706995,2026-05-01,東光高岳,プライム
68700,生存,53.79146919431279,2026-05-01,日本フェンオール,スタンダード
81410,生存,78.96995708154506,2026-05-01,新光商事,プライム
81520,生存,23.99103139013452,2026-05-01,ソマール,スタンダード
83080,生存,75.50091074681238,2026-05-01,りそなホールディングス,プライム
43100,生存,12.014618547281874,2026-05-01,ドリームインキュベータ,プライム
59920,生存,255.0724637681159,2026-05-01,中央発條,スタンダード
76850,生存,311.0301768990635,2026-05-01,ＢｕｙＳｅｌｌ　Ｔｅｃｈｎｏｌｏｇｉｅｓ,グロース
42450,生存,-4.383561643835621,2026-05-01,ダイキアクシス,スタンダード
53330,生存,142.2421948912015,2026-05-01,日本碍子,プライム
69460,生存,281.03864734299515,2026-05-01,日本アビオニクス,スタンダード
42470,生存,6.988352745424287,2026-05-01,ポバール興業,スタンダード
77180,消滅,3.1455399061032896,2026-03-02,スター精密,プライム
98530,生存,2.2396416573348343,2026-05-01,銀座ルノアール,スタンダード
42480,生存,2.9171528588098017,2026-05-01,竹本容器,スタンダード
69600,生存,62.43822075782537,2026-05-01,フクダ電子,スタンダード
28020,生存,72.08318646457525,2026-05-01,味の素,プライム
26940,生存,-6.578947368421051,2026-05-01,焼肉坂井ホールディングス,スタンダード
28050,生存,104.72440944881889,2026-05-01,ヱスビー食品,スタンダード
34610,生存,66.1807580174927,2026-05-01,パルマ,グロース
46810,生存,45.78483538410376,2026-05-01,リゾートトラスト,プライム
34770,生存,31.472081218274116,2026-05-01,フォーライフ,グロース
58710,生存,-41.11111111111111,2026-05-01,ＳＯＬＩＺＥ,スタンダード
78770,生存,37.81624500665779,2026-05-01,永大化工,スタンダード
69710,生存,49.75463467829879,2026-05-01,京セラ,プライム
42900,生存,1.8320610687022842,2026-05-01,プレステージ・インターナショナル,プライム
60420,生存,68.41491841491842,2026-05-01,ニッキ,スタンダード
60600,消滅,31.84079601990051,2026-01-05,こころネット,スタンダード
87500,生存,32.37209302325581,2026-05-01,第一生命ホールディングス,プライム
74350,生存,2.0689655172413834,2026-05-01,ナ・デックス,スタンダード
57030,生存,48.1112277019937,2026-05-01,日本軽金属ホールディングス,プライム
58910,生存,-37.71428571428571,2026-05-01,魁力屋,スタンダード
94280,生存,20.28725314183124,2026-05-01,クロップス,スタンダード
81140,消滅,24.246771879483497,2025-01-06,デサント,プライム
74200,消滅,-0.8893280632411016,2026-03-02,佐鳥電機,プライム
52330,生存,-10.035211267605638,2026-05-01,太平洋セメント,プライム
65500,消滅,12.925170068027203,2025-07-01,Ｕｎｉｐｏｓ,グロース
72660,生存,32.00000000000001,2026-05-01,今仙電機製作所,スタンダード
92560,生存,-15.574650912996779,2026-05-01,サクシード,グロース
56090,生存,-6.7524115755627,2026-05-01,日本鋳造,スタンダード
33600,生存,-2.5110782865583436,2026-05-01,シップヘルスケアホールディングス,プライム
51870,生存,20.95141700404859,2026-05-01,クリエートメディック,スタンダード
29610,消滅,45.34883720930232,2026-04-01,日本調理機,スタンダード
81430,生存,-32.85714285714286,2026-05-01,ラピーヌ,スタンダード
17730,生存,-36.885245901639344,2026-05-01,ワイ・ティー・エル・コーポレーション・バーハッド,プライム
23070,生存,-26.311667971808927,2026-05-01,クロスキャット,プライム
64250,生存,-56.95014662756599,2026-05-01,ユニバーサルエンターテインメント,スタンダード
28150,生存,0.9380863039399667,2026-05-01,アリアケジャパン,プライム
98760,生存,6.511627906976747,2026-05-01,コックス,スタンダード
37790,生存,2.684563758389258,2026-05-01,ジェイ・エスコムホールディングス,スタンダード
79320,生存,99.14965986394557,2026-05-01,ニッピ,スタンダード
61310,消滅,-2.083333333333337,2025-06-02,浜井産業,スタンダード
78710,生存,15.089820359281436,2026-05-01,フクビ化学工業,スタンダード
75310,消滅,-4.611330698287219,2026-04-01,清和中央ホールディングス,スタンダード
89960,生存,29.935483870967737,2026-05-01,ハウスフリーダム,スタンダード
21220,生存,34.19078242229367,2026-05-01,インタースペース,スタンダード
96120,生存,-17.386363636363633,2026-05-01,ラックランド,プライム
57240,生存,195.32442748091606,2026-05-01,アサカ理研,スタンダード
19410,生存,43.03030303030304,2026-05-01,中電工,プライム
59940,生存,36.398467432950184,2026-05-01,ファインシンター,スタンダード
24380,生存,-42.229729729729726,2026-05-01,アスカネット,グロース
66590,生存,-73.18840579710144,2026-05-01,メディアリンクス,スタンダード
28190,生存,-13.551724137931032,2026-05-01,エバラ食品工業,スタンダード
68630,生存,39.58540960733505,2026-05-01,ニレコ,スタンダード
60360,生存,-19.892473118279575,2026-05-01,ＫｅｅＰｅｒ技研,プライム
31310,生存,-3.4797297297297303,2026-05-01,シンデン・ハイテックス,スタンダード
24290,生存,15.606407322654459,2026-05-01,ワールドホールディングス,プライム
35210,生存,19.53125,2026-05-01,エコナックホールディングス,スタンダード
41740,生存,-42.6078971533517,2026-05-01,アピリッツ,スタンダード
72450,生存,43.831168831168824,2026-05-01,大同メタル工業,プライム
80910,生存,7.132530120481917,2026-05-01,ニチモウ,プライム
58340,生存,67.1404958677686,2026-05-01,ＳＢＩリーシングサービス,グロース
34960,生存,43.05555555555556,2026-05-01,アズーム,グロース
93450,生存,-6.676783004552355,2026-05-01,ビズメイツ,グロース
94780,生存,77.33812949640289,2026-05-01,ＳＥホールディングス・アンド・インキュベーションズ,スタンダード
92740,生存,17.067307692307686,2026-05-01,ＫＰＰグループホールディングス,プライム
31340,生存,-65.86687306501548,2026-05-01,Ｈａｍｅｅ,スタンダード
41790,生存,5.434782608695654,2026-05-01,ジーネクスト,グロース
34650,生存,81.89655172413792,2026-05-01,ケイアイスター不動産,プライム
36820,生存,4.487179487179493,2026-05-01,エンカレッジ・テクノロジ,スタンダード
23150,生存,10.606060606060597,2026-05-01,ＣＡＩＣＡ　ＤＩＧＩＴＡＬ,スタンダード
33970,生存,8.032345013477094,2026-05-01,トリドールホールディングス,プライム
67300,生存,-11.426380368098155,2026-05-01,アクセル,スタンダード
94700,生存,-1.4271151885830835,2026-05-01,学研ホールディングス,プライム
36360,生存,-6.05738575982997,2026-05-01,三菱総合研究所,プライム
44880,生存,-45.50573514077164,2026-05-01,ＡＩ　ｉｎｓｉｄｅ,グロース
73090,生存,-36.54212733511246,2026-05-01,シマノ,プライム
59330,生存,-7.4074074074074066,2026-05-01,アルインコ,プライム
55960,消滅,44.84995944849959,2026-02-02,アウトルックコンサルティング,グロース
52680,生存,30.601092896174855,2026-05-01,旭コンクリート工業,スタンダード
36880,消滅,29.41176470588236,2025-12-01,ＣＡＲＴＡ　ＨＯＬＤＩＮＧＳ,プライム
76230,消滅,39.66386554621848,2025-08-01,サンオータス,スタンダード
93250,生存,15.280464216634426,2026-05-01,ファイズホールディングス,スタンダード
36390,生存,-4.7244094488189,2026-05-01,ボルテージ,スタンダード
94250,生存,-17.771084337349397,2026-05-01,ＲｅＹｕｕ　Ｊａｐａｎ,スタンダード
53840,生存,9.118337244384843,2026-05-01,フジミインコーポレーテッド,プライム
40280,生存,86.08215818516247,2026-05-01,石原産業,プライム
73050,生存,-5.009487666034151,2026-05-01,新家工業,スタンダード
98730,消滅,-0.30816640986132127,2024-09-02,日本ＫＦＣホールディングス,スタンダード
82260,生存,99.20634920634922,2026-05-01,理経,スタンダード
25790,生存,77.07659115426107,2026-05-01,コカ・コーラ　ボトラーズジャパンホールディングス,プライム
31500,生存,18.197135636057293,2026-05-01,グリムス,プライム
96280,生存,15.878378378378377,2026-05-01,燦ホールディングス,プライム
75180,消滅,51.720630615358544,2025-03-03,ネットワンシステムズ,プライム
95220,消滅,30.000000000000004,2025-03-03,リニューアブル・ジャパン,グロース
36330,生存,35.64781675017896,2026-05-01,ＧＭＯペパボ,スタンダード
47840,生存,74.69879518072288,2026-05-01,ＧＭＯアドパートナーズ,スタンダード
70740,生存,-29.241877256317693,2026-05-01,トゥエンティーフォーセブン,グロース
32770,生存,28.968253968253975,2026-05-01,サンセイランディック,スタンダード
78670,生存,-12.599240593717642,2026-05-01,タカラトミー,プライム
31890,生存,-42.91666666666667,2026-05-01,ＡＮＡＰ,スタンダード
19810,生存,6.651549508692356,2026-05-01,協和日成,スタンダード
81660,生存,-17.021276595744684,2026-05-01,タカキュー,スタンダード
83460,生存,100.0,2026-05-01,東邦銀行,プライム
93620,消滅,34.34959349593496,2026-04-01,兵機海運,スタンダード
88970,生存,-18.609406952965234,2026-05-01,ＭＩＲＡＲＴＨホールディングス,プライム
27630,生存,-3.0017152658662116,2026-05-01,エフティグループ,スタンダード
34860,生存,74.18452935694316,2026-05-01,グローバル・リンク・マネジメント,プライム
39350,生存,101.19402985074628,2026-05-01,エディア,グロース
97950,生存,18.78914405010439,2026-05-01,ステップ,プライム
43760,生存,-39.75903614457831,2026-05-01,くふうカンパニー,グロース
94210,生存,-3.6127167630057855,2026-05-01,エヌジェイホールディングス,スタンダード
93260,生存,-13.807531380753135,2026-05-01,関通,グロース
99060,生存,56.35120546959338,2026-05-01,藤井産業,スタンダード
82030,生存,4.011887072808329,2026-05-01,ＭｒＭａｘＨＤ,プライム
29930,生存,15.254237288135597,2026-05-01,長栄,スタンダード
77350,生存,35.022742040285905,2026-05-01,ＳＣＲＥＥＮホールディングス,プライム
48400,生存,145.9807073954984,2026-05-01,トライアイズ,グロース
65040,生存,39.66302850482144,2026-05-01,富士電機,プライム
84620,消滅,55.948553054662376,2024-09-02,フューチャーベンチャーキャピタル,スタンダード
95050,生存,-23.56164383561644,2026-05-01,北陸電力,プライム
32660,生存,-2.2727272727272707,2026-05-01,ファンドクリエーショングループ,スタンダード
153A0,生存,-25.979477611940293,2026-05-01,カウリス,グロース
26730,生存,0.9090909090909038,2026-05-01,夢みつけ隊,スタンダード
62770,生存,36.41488162344984,2026-05-01,ホソカワミクロン,プライム
65210,生存,77.7440182301557,2026-05-01,オキサイド,グロース
49730,生存,63.43749999999999,2026-05-01,日本高純度化学,プライム
34180,生存,-24.57103637611531,2026-05-01,バルニバービ,グロース
70620,生存,-18.6046511627907,2026-05-01,フレアス,グロース
80120,生存,53.48988910632746,2026-05-01,長瀬産業,プライム
59350,消滅,27.088452088452097,2025-03-03,元旦ビューティ工業,スタンダード
38950,生存,-12.17948717948718,2026-05-01,ハビックス,スタンダード
32840,生存,3.9858281665190454,2026-05-01,フージャースホールディングス,プライム
41180,生存,16.749703440094898,2026-05-01,カネカ,プライム
22820,生存,34.63283828382839,2026-05-01,日本ハム,プライム
31480,生存,-2.9717682020802383,2026-05-01,クリエイトＳＤホールディングス,プライム
94670,生存,66.74238982280782,2026-05-01,アルファポリス,グロース
35430,生存,13.370998116760834,2026-05-01,コメダホールディングス,プライム
28820,生存,-4.860442733397496,2026-05-01,イートアンドホールディングス,プライム
45530,生存,34.96932515337423,2026-05-01,東和薬品,プライム
31910,生存,-5.504162812210911,2026-05-01,ジョイフル本田,プライム
98310,生存,22.122674017918676,2026-05-01,ヤマダホールディングス,プライム
90010,生存,4.003639672429471,2026-05-01,東武鉄道,プライム
23910,生存,-2.1428571428571463,2026-05-01,プラネット,スタンダード
82330,生存,41.23781455452278,2026-05-01,高島屋,プライム
96630,生存,-31.011826544021027,2026-05-01,ナガワ,プライム
38410,生存,0.3511852502194879,2026-05-01,ジーダット,スタンダード
70380,生存,-53.007217321571765,2026-05-01,フロンティア・マネジメント,プライム
98800,生存,65.57184750733138,2026-05-01,イノテック,プライム
13750,生存,9.459459459459453,2026-05-01,雪国まいたけ,プライム
64440,生存,3.5502958579881616,2026-05-01,サンデン,スタンダード
83040,生存,6.739911261356424,2026-05-01,あおぞら銀行,プライム
86300,生存,66.3750364537766,2026-05-01,ＳＯＭＰＯホールディングス,プライム
75050,生存,115.57819053325345,2026-05-01,扶桑電通,スタンダード
36630,生存,64.828431372549,2026-05-01,セルシス,スタンダード
39880,生存,-0.9990917347865613,2026-05-01,ＳＹＳホールディングス,スタンダード
88760,生存,22.856232068855586,2026-05-01,リログループ,プライム
81110,生存,-19.85507246376812,2026-05-01,ゴールドウイン,プライム
39310,生存,83.36673346693387,2026-05-01,バリューゴルフ,グロース
70670,生存,-12.476190476190474,2026-05-01,ブランディングテクノロジー,グロース
83860,生存,168.27336501470924,2026-05-01,百十四銀行,プライム
14340,生存,181.07183580387684,2026-05-01,ＪＥＳＣＯホールディングス,スタンダード
48870,生存,1.3888207292535704,2026-05-01,サワイグループホールディングス,プライム
79380,生存,-11.070110701107016,2026-05-01,リーガルコーポレーション,スタンダード
73580,生存,23.26530612244897,2026-05-01,ポピンズ,スタンダード
47120,生存,-12.567713976164685,2026-05-01,ＫｅｙＨｏｌｄｅｒ,スタンダード
32460,生存,-17.263427109974426,2026-05-01,コーセーアールイー,スタンダード
18010,生存,169.46837912534548,2026-05-01,大成建設,プライム
33950,生存,25.14044943820224,2026-05-01,サンマルクホールディングス,プライム
36270,生存,-25.757575757575758,2026-05-01,テクミラホールディングス,スタンダード
72380,生存,-11.267605633802813,2026-05-01,曙ブレーキ工業,プライム
44470,生存,-22.558922558922557,2026-05-01,ピー・ビーシステムズ,グロース
36980,生存,26.49999999999999,2026-05-01,ＣＲＩ・ミドルウェア,グロース
21540,生存,-15.175097276264593,2026-05-01,オープンアップグループ,プライム
27950,生存,1.4705882352941124,2026-05-01,日本プリメックス,スタンダード
71340,生存,15.824175824175835,2026-05-01,アップガレージグループ,スタンダード
92790,生存,47.94331144141031,2026-05-01,ギフトホールディングス,プライム
60330,生存,19.407894736842103,2026-05-01,エクストリーム,グロース
75450,生存,-11.613475177304966,2026-05-01,西松屋チェーン,プライム
17700,生存,20.97902097902098,2026-05-01,藤田エンジニアリング,スタンダード
23410,生存,22.36842105263157,2026-05-01,アルバイトタイムス,スタンダード
28830,生存,3.552769070010453,2026-05-01,大冷,スタンダード
79840,生存,20.988945324170906,2026-05-01,コクヨ,プライム
44250,生存,-12.846865364850979,2026-05-01,Ｋｕｄａｎ,グロース
18020,生存,98.2608695652174,2026-05-01,大林組,プライム
45560,生存,99.91212653778558,2026-05-01,カイノス,スタンダード
92130,生存,-11.463187325256285,2026-05-01,セイファート,スタンダード
59000,生存,-6.242496998799519,2026-05-01,ダイケン,スタンダード
49850,生存,-2.025586353944564,2026-05-01,アース製薬,プライム
46120,生存,-8.89405204460967,2026-05-01,日本ペイントホールディングス,プライム
55740,生存,-17.47540983606557,2026-05-01,ＡＢＥＪＡ,グロース
65390,生存,-9.248554913294793,2026-05-01,ＭＳ−Ｊａｐａｎ,プライム
70500,生存,64.69248291571755,2026-05-01,フロンティアインターナショナル,グロース
66630,生存,-1.9480519480519431,2026-05-01,太洋テクノレックス,スタンダード
39700,生存,-28.945281522601107,2026-05-01,イノベーション,グロース
55700,生存,-9.491059147180192,2026-05-01,ジェノバ,グロース
65160,生存,179.3711055172698,2026-05-01,山洋電気,プライム
78310,生存,-37.77777777777778,2026-05-01,ウイルコホールディングス,スタンダード
91730,生存,16.653696498054483,2026-05-01,東海汽船,スタンダード
31750,生存,-4.384133611691022,2026-05-01,エー・ピーホールディングス,スタンダード
74600,生存,92.34074074074073,2026-05-01,ヤギ,スタンダード
13010,生存,18.45549738219896,2026-05-01,極洋,プライム
65520,生存,-17.322834645669293,2026-05-01,ＧａｍｅＷｉｔｈ,スタンダード
44340,生存,-31.179487179487175,2026-05-01,サーバーワークス,スタンダード
63930,生存,25.294117647058822,2026-05-01,油研工業,スタンダード
94680,生存,9.305135951661626,2026-05-01,ＫＡＤＯＫＡＷＡ,プライム
97430,生存,70.13301088270858,2026-05-01,丹青社,プライム
70570,生存,6.529209621993126,2026-05-01,エヌ・シー・エヌ,スタンダード
77310,生存,10.159118727050176,2026-05-01,ニコン,プライム
40760,生存,2.4361259655377276,2026-05-01,シイエヌエス,グロース
92190,生存,-24.01010951979781,2026-05-01,ギックス,グロース
37630,生存,117.48400852878467,2026-05-01,プロシップ,プライム
36660,消滅,85.3225806451613,2025-04-01,テクノスジャパン,スタンダード
75650,生存,63.319946452476586,2026-05-01,萬世電機,スタンダード
63920,消滅,8.03278688524589,2026-04-01,ヤマダコーポレーション,スタンダード
32710,生存,120.3448275862069,2026-05-01,ＴＨＥグローバル社,スタンダード
40930,生存,9.510869565217384,2026-05-01,東邦アセチレン,プライム
62920,生存,-10.584343991179711,2026-05-01,カワタ,スタンダード
17830,生存,62.5,2026-05-01,ｆａｎｔａｓｉｓｔａ,スタンダード
31410,消滅,43.12096029547554,2025-11-04,ウエルシアホールディングス,プライム
72680,消滅,13.684210526315788,2025-03-03,タツミ,スタンダード
45510,消滅,66.09724047306176,2025-08-01,鳥居薬品,プライム
77510,生存,-14.038091161994437,2026-05-01,キヤノン,プライム
41130,生存,19.444444444444443,2026-05-01,田岡化学工業,スタンダード
36870,生存,-27.44212309429701,2026-05-01,フィックスターズ,プライム
73770,生存,17.006802721088434,2026-05-01,ＤＮホールディングス,スタンダード
18330,生存,26.055612770339852,2026-05-01,奥村組,プライム
98870,生存,-1.1278195488721776,2026-05-01,松屋フーズホールディングス,プライム
90050,生存,-9.638881346728212,2026-05-01,東急,プライム
90090,生存,-41.29184100418411,2026-05-01,京成電鉄,プライム
98720,生存,2.683780630105015,2026-05-01,北恵,スタンダード
61550,生存,-1.7857142857142905,2026-05-01,高松機械工業,スタンダード
17360,生存,87.98304662179008,2026-05-01,オーテック,スタンダード
69150,生存,0.0,2026-05-01,千代田インテグレ,スタンダード
60400,生存,17.295682867227804,2026-05-01,日本スキー場開発,グロース
31850,生存,33.54838709677419,2026-05-01,夢展望,グロース
92060,生存,-27.067381316998475,2026-05-01,スターフライヤー,スタンダード
23970,消滅,20.419426048565125,2025-06-02,ＤＮＡチップ研究所,スタンダード
39290,生存,27.692307692307683,2026-05-01,ソーシャルワイヤー,グロース
99500,生存,-2.5862068965517238,2026-05-01,ハチバン,スタンダード
23340,生存,597.2222222222223,2026-05-01,イオレ,グロース
73450,生存,152.69320843091333,2026-05-01,アイ・パートナーズフィナンシャル,グロース
17190,生存,67.56161971830986,2026-05-01,安藤・間,プライム
73670,生存,-26.927374301675975,2026-05-01,セルム,スタンダード
39900,消滅,23.543123543123535,2025-02-03,ＵＵＵＭ,グロース
45590,生存,6.600000000000006,2026-05-01,ゼリア新薬工業,プライム
42880,生存,39.272030651341,2026-05-01,アズジェント,スタンダード
24280,生存,-2.843601895734593,2026-05-01,ウェルネット,スタンダード
76700,生存,13.35504885993486,2026-05-01,オーウエル,スタンダード
63870,生存,162.17142857142858,2026-05-01,サムコ,プライム
49800,生存,10.022172949002229,2026-05-01,デクセリアルズ,プライム
48140,生存,8.333333333333325,2026-05-01,ネクストウェア,スタンダード
141A0,生存,62.8930817610063,2026-05-01,トライアルホールディングス,グロース
45980,生存,-61.92307692307693,2026-05-01,Ｄｅｌｔａ−Ｆｌｙ　Ｐｈａｒｍａ,グロース
42060,生存,1.728608470181503,2026-05-01,アイカ工業,プライム
80500,生存,153.27510917030568,2026-05-01,セイコーグループ,プライム
80520,生存,25.0,2026-05-01,椿本興業,プライム
22200,生存,6.292134831460672,2026-05-01,亀田製菓,プライム
43900,生存,54.926225606853876,2026-05-01,アイ・ピー・エス,プライム
92470,生存,36.24678663239074,2026-05-01,ＴＲＥホールディングス,プライム
87460,生存,-43.91891891891891,2026-05-01,第一商品,スタンダード
36570,生存,-35.63714902807775,2026-05-01,ポールトゥウィンホールディングス,プライム
79210,生存,24.72077438570366,2026-05-01,ＴＡＫＡＲＡ　＆　ＣＯＭＰＡＮＹ,プライム
80890,生存,-0.2619172341540077,2026-05-01,ナイス,スタンダード
95040,生存,-19.67741935483871,2026-05-01,中国電力,プライム
35370,生存,22.699386503067487,2026-05-01,昭栄薬品,スタンダード
72870,生存,77.35042735042734,2026-05-01,日本精機,スタンダード
83590,生存,94.20491423273066,2026-05-01,八十二銀行,プライム
70470,生存,20.29776674937964,2026-05-01,ポート,グロース
96610,生存,-5.000000000000004,2026-05-01,歌舞伎座,スタンダード
79660,生存,50.837138508371396,2026-05-01,リンテック,プライム
44940,生存,20.73365231259967,2026-05-01,バリオセキュア,スタンダード
30420,生存,11.406844106463886,2026-05-01,セキュアヴェイル,グロース
74800,生存,-7.3655913978494585,2026-05-01,スズデン,スタンダード
146A0,生存,90.48843187660668,2026-05-01,コロンビア・ワークス,スタンダード
73250,生存,17.37967914438503,2026-05-01,アイリックコーポレーション,グロース
25930,生存,-24.64659685863875,2026-05-01,伊藤園,プライム
42490,生存,-11.74774774774775,2026-05-01,森六ホールディングス,プライム
62730,生存,-6.418708794626193,2026-05-01,ＳＭＣ,プライム
73130,生存,-9.352517985611508,2026-05-01,テイ・エス　テック,プライム
93510,生存,43.4878587196468,2026-05-01,東洋埠頭,スタンダード
53320,生存,62.45259165613148,2026-05-01,ＴＯＴＯ,プライム
82170,生存,-15.54347826086957,2026-05-01,オークワ,プライム
63100,生存,70.21696252465483,2026-05-01,井関農機,プライム
87390,生存,8.135593220338988,2026-05-01,スパークス・グループ,プライム
93430,生存,-1.4598540145985384,2026-05-01,アイビス,グロース
71270,生存,-0.5797101449275366,2026-05-01,一家ホールディングス,スタンダード
60890,生存,16.28630705394192,2026-05-01,ウィルグループ,プライム
65800,生存,40.39351851851851,2026-05-01,ライトアップ,グロース
69760,生存,79.462459830558,2026-05-01,太陽誘電,プライム
97690,生存,9.647853352629031,2026-05-01,学究社,プライム
25030,生存,13.855970829535092,2026-05-01,キリンホールディングス,プライム
39100,生存,-16.524216524216527,2026-05-01,エムケイシステム,スタンダード
65230,生存,-8.386508659981773,2026-05-01,ＰＨＣホールディングス,プライム
81010,生存,10.516772438803269,2026-05-01,ＧＳＩクレオス,プライム
81790,生存,4.397705544933084,2026-05-01,ロイヤルホールディングス,プライム
92330,生存,10.717703349282303,2026-05-01,アジア航測,スタンダード
52020,生存,4.121475054229928,2026-05-01,日本板硝子,プライム
44350,消滅,195.33152909336943,2025-06-02,カオナビ,グロース
97420,生存,22.826729745712605,2026-05-01,アイネス,プライム
82820,生存,23.53556485355648,2026-05-01,ケーズホールディングス,プライム
31350,生存,47.7132262051916,2026-05-01,マーケットエンタープライズ,プライム
71480,生存,-23.67008296730112,2026-05-01,ＦＰＧ,プライム
41070,生存,111.66394779771616,2026-05-01,伊勢化学工業,スタンダード
67360,生存,166.1514683153014,2026-05-01,サン電子,スタンダード
17660,生存,21.892393320964754,2026-05-01,東建コーポレーション,プライム
83450,生存,170.9141274238227,2026-05-01,岩手銀行,プライム
71110,生存,-62.66666666666667,2026-05-01,ＩＮＥＳＴ,スタンダード
23290,生存,14.106702107461544,2026-05-01,東北新社,スタンダード
96750,消滅,36.12261806130903,2025-02-03,常磐興産,スタンダード
13790,生存,-0.16402405686167798,2026-05-01,ホクト,プライム
28300,消滅,43.91810517864312,2025-10-01,アヲハタ,スタンダード
19480,生存,426.91680261011425,2026-05-01,弘電社,スタンダード
24640,生存,-0.8771929824561431,2026-05-01,Ａｏｂａ‐ＢＢＴ,スタンダード
44300,生存,41.84952978056427,2026-05-01,東海ソフト,スタンダード
67340,消滅,60.08531383302864,2026-03-02,ニューテック,スタンダード
80430,生存,19.8273138885964,2026-05-01,スターゼン,プライム
99360,生存,2.487180381623477,2026-05-01,王将フードサービス,プライム
78860,生存,-64.02151983860121,2026-05-01,ヤマト・インダストリー,スタンダード
61400,生存,42.76243093922651,2026-05-01,旭ダイヤモンド工業,プライム
77450,生存,-2.142128527711662,2026-05-01,Ａ＆Ｄホロンホールディングス,プライム
87830,生存,-57.58928571428572,2026-05-01,ＧＦＡ,スタンダード
65130,生存,-19.999999999999996,2026-05-01,オリジン,スタンダード
92540,生存,-23.237071860308934,2026-05-01,ラバブルマーケティンググループ,グロース
49120,生存,19.771563607719568,2026-05-01,ライオン,プライム
51850,生存,-17.031177291763612,2026-05-01,フコク,プライム
44640,消滅,145.37987679671457,2026-04-01,ソフト９９コーポレーション,スタンダード
63090,生存,24.24389904748663,2026-05-01,巴工業,プライム
21860,生存,-9.699999999999998,2026-05-01,ソーバル,スタンダード
97290,生存,22.12806026365348,2026-05-01,トーカイ,プライム
39870,生存,28.27586206896551,2026-05-01,エコモット,グロース
58450,生存,40.816326530612244,2026-05-01,全保連,スタンダード
20600,生存,21.23212321232124,2026-05-01,フィード・ワン,プライム
69120,生存,72.5125268432355,2026-05-01,菊水ホールディングス,スタンダード
31600,生存,-0.6722689075630228,2026-05-01,大光,スタンダード
68980,生存,171.03718199608608,2026-05-01,トミタ電機,スタンダード
50360,生存,39.489194499017685,2026-05-01,日本ビジネスシステムズ,スタンダード
38650,生存,-27.147487844408424,2026-05-01,北越コーポレーション,プライム
49670,生存,3.7334762415148326,2026-05-01,小林製薬,プライム
68580,生存,18.71345029239766,2026-05-01,小野測器,スタンダード
30100,生存,-19.81566820276498,2026-05-01,ポラリス・ホールディングス,スタンダード
41710,生存,-9.259259259259256,2026-05-01,グローバルインフォメーション,スタンダード
72260,生存,6.3510848126232755,2026-05-01,極東開発工業,プライム
62100,消滅,-3.0470914127423865,2026-03-02,東洋機械金属,スタンダード
70350,生存,-30.5993690851735,2026-05-01,ａｎｄ　ｆａｃｔｏｒｙ,スタンダード
49360,生存,-64.83971044467425,2026-05-01,アクシージア,プライム
34020,生存,37.99126637554586,2026-05-01,東レ,プライム
42600,生存,-42.85714285714286,2026-05-01,ハイブリッドテクノロジーズ,グロース
75670,生存,17.74580335731415,2026-05-01,栄電子,スタンダード
45060,生存,427.2865853658536,2026-05-01,住友ファーマ,プライム
63900,生存,7.993850883935427,2026-05-01,加藤製作所,プライム
47810,消滅,-0.3878474466709747,2024-08-01,日本ハウズイング,スタンダード
42580,生存,178.66227037211493,2026-05-01,網屋,グロース
73170,生存,65.76168929110106,2026-05-01,松屋アールアンドディ,グロース
36470,生存,5.982905982905984,2026-05-01,ジー・スリーホールディングス,スタンダード
43770,生存,66.00717769393576,2026-05-01,ワンキャリア,グロース
48960,生存,7.050359712230225,2026-05-01,ケイファーマ,グロース
65050,生存,124.70156106519741,2026-05-01,東洋電機製造,スタンダード
93420,生存,-29.29447852760736,2026-05-01,スマサポ,グロース
43840,生存,108.38852097130243,2026-05-01,ラクスル,プライム
13320,生存,36.01036269430053,2026-05-01,ニッスイ,プライム
52570,生存,-17.52921535893155,2026-05-01,ノバシステム,スタンダード
63630,生存,-6.705539358600587,2026-05-01,酉島製作所,プライム
75370,生存,-2.8501628664495127,2026-05-01,丸文,プライム
66340,生存,-22.83464566929134,2026-05-01,ネクスグループ,スタンダード
61430,生存,117.75312066574202,2026-05-01,ソディック,プライム
32310,生存,21.5972729486243,2026-05-01,野村不動産ホールディングス,プライム
43960,生存,18.912922906267337,2026-05-01,システムサポート,プライム
71160,消滅,2.368421052631575,2026-03-02,ダイワ通信,スタンダード
138A0,生存,-24.318181818181817,2026-05-01,光フードサービス,グロース
62030,生存,88.50432632880099,2026-05-01,豊和工業,スタンダード
40430,生存,38.49718636213175,2026-05-01,トクヤマ,プライム
58310,生存,69.49984657870512,2026-05-01,しずおかフィナンシャルグループ,プライム
44760,生存,10.385756676557856,2026-05-01,ＡＩ　ＣＲＯＳＳ,グロース
78100,生存,-16.20370370370371,2026-05-01,クロスフォー,スタンダード
78330,生存,11.965811965811968,2026-05-01,アイフィスジャパン,スタンダード
62620,生存,71.77570093457943,2026-05-01,ＰＥＧＡＳＵＳ,プライム
30640,生存,10.360635696821507,2026-05-01,ＭｏｎｏｔａＲＯ,プライム
31070,生存,16.52110625909753,2026-05-01,ダイワボウホールディングス,プライム
51330,生存,-3.834808259587019,2026-05-01,テリロジーホールディングス,スタンダード
73700,生存,-18.33839918946302,2026-05-01,Ｅｎｊｉｎ,グロース
34230,生存,-13.225806451612899,2026-05-01,エスイー,スタンダード
81500,生存,25.630252100840334,2026-05-01,三信電気,プライム
76070,生存,7.7908217716115225,2026-05-01,進和,プライム
43410,生存,-1.46520146520146,2026-05-01,西菱電機,スタンダード
87050,生存,29.000000000000004,2026-05-01,日産証券グループ,スタンダード
23890,消滅,88.2186616399623,2026-03-02,デジタルホールディングス,プライム
19660,生存,17.63157894736842,2026-05-01,高田工業所,スタンダード
83870,生存,113.04347826086958,2026-05-01,四国銀行,プライム
58380,生存,115.92246452059535,2026-05-01,楽天銀行,プライム
54010,生存,-16.850828729281766,2026-05-01,日本製鉄,プライム
73600,生存,-31.002759889604413,2026-05-01,オンデック,グロース
80650,生存,65.80992229527793,2026-05-01,佐藤商事,プライム
31430,生存,35.590050495605,2026-05-01,オーウイル,スタンダード
40680,生存,49.91304347826087,2026-05-01,ベイシス,グロース
68090,生存,60.71757129714812,2026-05-01,ＴＯＡ,プライム
61610,生存,1.0978043912175606,2026-05-01,エスティック,スタンダード
62290,生存,41.9068736141907,2026-05-01,オーケーエム,スタンダード
87140,生存,105.60538116591927,2026-05-01,池田泉州ホールディングス,プライム
27220,生存,-3.0226700251889116,2026-05-01,ＩＫホールディングス,スタンダード
38150,生存,104.54545454545455,2026-05-01,メディア工房,グロース
39470,消滅,30.071467839472234,2026-04-01,ダイナパック,スタンダード
51340,生存,-26.047904191616766,2026-05-01,ＰＯＰＥＲ,グロース
98350,生存,-9.734513274336287,2026-05-01,ジュンテンドー,スタンダード
25880,生存,17.61621810555749,2026-05-01,プレミアムウォーターホールディングス,スタンダード
43240,生存,-29.37395858129017,2026-05-01,電通グループ,プライム
64280,生存,-9.21787709497207,2026-05-01,オーイズミ,スタンダード
44900,生存,-26.770833333333332,2026-05-01,ビザスク,グロース
38000,生存,-4.907361041562341,2026-05-01,ユニリタ,スタンダード
50280,生存,-15.420560747663547,2026-05-01,セカンドサイトアナリティカ,グロース
44220,生存,201.78571428571428,2026-05-01,ＶＡＬＵＥＮＥＸ,グロース
99020,生存,-28.462709284627095,2026-05-01,日伝,プライム
45580,生存,-3.398058252427183,2026-05-01,中京医薬品,スタンダード
48450,生存,-51.0548523206751,2026-05-01,スカラ,プライム
91930,生存,78.14113597246129,2026-05-01,東京汽船,スタンダード
23700,生存,-36.36363636363637,2026-05-01,メディネット,グロース
43850,生存,88.232421875,2026-05-01,メルカリ,プライム
54910,生存,22.841965471447544,2026-05-01,日本金属,スタンダード
95130,生存,46.83105374686958,2026-05-01,電源開発,プライム
64710,生存,61.95554413465245,2026-05-01,日本精工,プライム
187A0,消滅,25.765696784073498,2025-01-06,サムティホールディングス,プライム
51380,生存,-31.86558516801854,2026-05-01,Ｒｅｂａｓｅ,グロース
40910,生存,18.770156955493444,2026-05-01,日本酸素ホールディングス,プライム
71990,生存,-11.02625298329356,2026-05-01,プレミアグループ,プライム
36410,生存,7.25893824485373,2026-05-01,パピレス,スタンダード
29320,生存,-30.70542007110335,2026-05-01,ＳＴＩフードホールディングス,スタンダード
18120,生存,126.20509957193376,2026-05-01,鹿島建設,プライム
39180,生存,13.227513227513231,2026-05-01,ＰＣＩホールディングス,スタンダード
60950,消滅,17.76649746192893,2025-10-01,メドピア,プライム
18140,生存,93.24631101021565,2026-05-01,大末建設,プライム
80200,生存,57.74287801314828,2026-05-01,兼松,プライム
31390,生存,16.467276565798738,2026-05-01,ラクト・ジャパン,プライム
31540,生存,-5.942857142857139,2026-05-01,メディアスホールディングス,プライム
33720,生存,-20.863309352517987,2026-05-01,関門海,スタンダード
46350,生存,94.79166666666667,2026-05-01,東京インキ,スタンダード
34800,生存,86.68545262416343,2026-05-01,ジェイ・エス・ビー,プライム
44100,生存,2.0270270270270174,2026-05-01,ハリマ化成グループ,プライム
17640,生存,11.746886570178393,2026-05-01,工藤建設,スタンダード
43880,生存,-53.69047619047619,2026-05-01,エーアイ,グロース
65620,生存,15.349887133182838,2026-05-01,ジーニー,グロース
38250,生存,30.722891566265066,2026-05-01,リミックスポイント,スタンダード
26640,生存,3.1636863823933936,2026-05-01,カワチ薬品,プライム
26020,生存,9.634146341463424,2026-05-01,日清オイリオグループ,プライム
73620,生存,-15.010141987829616,2026-05-01,Ｔ．Ｓ．Ｉ,グロース
79720,生存,98.61722187303583,2026-05-01,イトーキ,プライム
24320,生存,73.74076561450637,2026-05-01,ディー・エヌ・エー,プライム
75440,生存,24.60136674259681,2026-05-01,スリーエフ,スタンダード
90370,生存,66.1680980411078,2026-05-01,ハマキョウレックス,プライム
74250,消滅,41.78840716305372,2026-04-01,初穂商事,スタンダード
49710,生存,106.96055684454757,2026-05-01,メック,プライム
21950,生存,-19.40993788819876,2026-05-01,アミタホールディングス,グロース
97990,生存,42.262317834836914,2026-05-01,旭情報サービス,スタンダード
82440,生存,-23.966942148760328,2026-05-01,近鉄百貨店,スタンダード
21800,生存,42.85714285714286,2026-05-01,サニーサイドアップグループ,スタンダード
56020,生存,50.199600798403196,2026-05-01,栗本鐵工所,プライム
61990,生存,18.41385597082954,2026-05-01,セラク,スタンダード
62300,生存,3.0097087378640808,2026-05-01,ＳＡＮＥＩ,スタンダード
73220,生存,194.6798917944094,2026-05-01,三十三フィナンシャルグループ,プライム
79920,生存,-14.615384615384619,2026-05-01,セーラー万年筆,スタンダード
71610,生存,20.671834625323005,2026-05-01,じもとホールディングス,スタンダード
96050,生存,60.00000000000001,2026-05-01,東映,プライム
55870,生存,-19.469026548672563,2026-05-01,インバウンドプラットフォーム,グロース
38340,生存,-4.594180704441042,2026-05-01,朝日ネット,プライム
96250,生存,9.009009009009006,2026-05-01,セレスポ,スタンダード
18210,消滅,50.125944584382864,2025-12-01,三井住友建設,プライム
33210,生存,67.50223813786928,2026-05-01,ミタチ産業,スタンダード
78440,生存,-25.615763546798032,2026-05-01,マーベラス,プライム
94380,生存,-34.7678369195923,2026-05-01,エムティーアイ,プライム
36260,生存,16.763998625901742,2026-05-01,ＴＩＳ,プライム
96470,生存,85.17673888255418,2026-05-01,協和コンサルタンツ,スタンダード
72640,生存,-6.916850625459892,2026-05-01,ムロコーポレーション,スタンダード
89200,生存,14.266117969821668,2026-05-01,東祥,スタンダード
46640,生存,32.47734138972809,2026-05-01,アール・エス・シー,スタンダード
83700,生存,112.74961597542243,2026-05-01,紀陽銀行,プライム
89950,生存,13.690476190476186,2026-05-01,誠建設工業,スタンダード
61350,生存,84.5481049562682,2026-05-01,牧野フライス製作所,プライム
30970,生存,24.45730824891461,2026-05-01,物語コーポレーション,プライム
22880,生存,33.4916864608076,2026-05-01,丸大食品,プライム
50700,消滅,11.343283582089558,2025-12-01,ドラフト,グロース
99300,生存,1.6853932584269593,2026-05-01,北沢産業,スタンダード
32860,生存,11.534603811434296,2026-05-01,トラストホールディングス,グロース
80220,生存,22.186375940964886,2026-05-01,美津濃,プライム
19920,生存,21.725663716814168,2026-05-01,神田通信機,スタンダード
69420,生存,25.0,2026-05-01,ソフィアホールディングス,スタンダード
71120,生存,43.15789473684211,2026-05-01,キューブ,グロース
73590,生存,-53.72848948374761,2026-05-01,東京通信グループ,グロース
29140,生存,29.847782925215082,2026-05-01,日本たばこ産業,プライム
75120,生存,-7.5268817204301115,2026-05-01,イオン北海道,スタンダード
53800,生存,-50.69252077562327,2026-05-01,新東,スタンダード
98690,生存,48.30917874396135,2026-05-01,加藤産業,プライム
46610,生存,-50.65482796892342,2026-05-01,オリエンタルランド,プライム
74210,生存,-6.934306569343063,2026-05-01,カッパ・クリエイト,プライム
58880,生存,69.1139240506329,2026-05-01,ＤＡＩＷＡ　ＣＹＣＬＥ,グロース
80400,生存,20.932878270762224,2026-05-01,東京ソワール,スタンダード
86010,生存,11.554702495201541,2026-05-01,大和証券グループ本社,プライム
70610,生存,-49.339819318971514,2026-05-01,日本ホスピスホールディングス,グロース
82730,生存,-15.460232350312776,2026-05-01,イズミ,プライム
87070,生存,60.51011433597186,2026-05-01,岩井コスモホールディングス,プライム
90220,生存,3.378184941311191,2026-05-01,東海旅客鉄道,プライム
95640,生存,30.201342281879185,2026-05-01,ＦＣＥ,スタンダード
94050,生存,23.994038748137104,2026-05-01,朝日放送グループホールディングス,プライム
45390,生存,7.412140575079862,2026-05-01,日本ケミファ,スタンダード
49970,生存,33.55614973262031,2026-05-01,日本農薬,プライム
92510,生存,34.451901565995534,2026-05-01,ＡＢ＆Ｃｏｍｐａｎｙ,グロース
87320,消滅,83.33333333333333,2025-02-03,マネーパートナーズグループ,スタンダード
72310,生存,19.658119658119656,2026-05-01,トピー工業,プライム
77070,生存,11.229946524064172,2026-05-01,プレシジョン・システム・サイエンス,グロース
80610,生存,116.65558264981897,2026-05-01,西華産業,プライム
66960,生存,-54.314720812182735,2026-05-01,トラース・オン・プロダクト,グロース
74940,生存,-19.865319865319865,2026-05-01,コナカ,スタンダード
14170,生存,105.88686972101358,2026-05-01,ミライト・ワン,プライム
24980,生存,88.25347758887172,2026-05-01,オリエンタルコンサルタンツホールディングス,スタンダード
26870,生存,-17.733990147783253,2026-05-01,シー・ヴイ・エス・ベイエリア,スタンダード
32610,生存,10.396039603960405,2026-05-01,グランディーズ,グロース
47160,生存,-24.44838280903855,2026-05-01,日本オラクル,スタンダード
67020,生存,34.191577569277776,2026-05-01,富士通,プライム
36950,生存,-39.30656934306569,2026-05-01,ＧＭＯリサーチ＆ＡＩ,グロース
99840,生存,138.54340751165446,2026-05-01,ソフトバンクグループ,プライム
25970,生存,16.50273224043717,2026-05-01,ユニカフェ,スタンダード
88690,生存,-0.10905125408942062,2026-05-01,明和地所,スタンダード
81360,生存,87.80185758513932,2026-05-01,サンリオ,プライム
60550,生存,-5.906952430737067,2026-05-01,ジャパンマテリアル,プライム
43430,生存,16.6819012797075,2026-05-01,イオンファンタジー,プライム
17200,生存,87.11340206185567,2026-05-01,東急建設,プライム
34310,生存,-26.68131868131868,2026-05-01,宮地エンジニアリンググループ,プライム
14360,生存,81.37404580152672,2026-05-01,ＧｒｅｅｎＥｎｅｒｇｙ　＆　Ｃｏｍｐａｎｙ,グロース
84160,生存,12.55364806866952,2026-05-01,高知銀行,スタンダード
63640,生存,-8.750000000000002,2026-05-01,北越工業,プライム
64540,生存,93.11827956989247,2026-05-01,マックス,プライム
24450,生存,-19.461697722567283,2026-05-01,タカミヤ,プライム
26850,生存,-14.7887323943662,2026-05-01,アダストリア,プライム
22940,生存,1.97597830298335,2026-05-01,柿安本店,プライム
14380,生存,-3.875968992248058,2026-05-01,岐阜造園,スタンダード
51910,消滅,102.73651290070367,2026-01-05,住友理工,プライム
62320,生存,191.94865810968494,2026-05-01,ＡＣＳＬ,グロース
17890,消滅,-22.305764411027575,2024-09-02,ＥＴＳホールディングス,スタンダード
79530,生存,-5.185185185185182,2026-05-01,菊水化学工業,スタンダード
34200,生存,0.7984031936127733,2026-05-01,ケー・エフ・シー,スタンダード
25850,生存,10.284629981024661,2026-05-01,ライフドリンク　カンパニー,プライム
36230,生存,4.331087584215587,2026-05-01,ビリングシステム,グロース
36920,生存,236.3028953229399,2026-05-01,ＦＦＲＩセキュリティ,グロース
36480,生存,12.016293279022406,2026-05-01,ＡＧＳ,スタンダード
39280,生存,-23.323615160349853,2026-05-01,マイネット,スタンダード
64920,生存,242.1875,2026-05-01,岡野バルブ製造,スタンダード
72280,生存,12.27544910179641,2026-05-01,デイトナ,スタンダード
46800,生存,17.720994475138106,2026-05-01,ラウンドワン,プライム
177A0,生存,-13.918128654970763,2026-05-01,コージンバイオ,グロース
68440,生存,9.800664451827235,2026-05-01,新電元工業,プライム
76980,生存,97.74647887323944,2026-05-01,アイスコ,スタンダード
44440,生存,-29.91452991452992,2026-05-01,インフォネット,グロース
74500,消滅,-12.40575736806031,2026-03-02,サンデー,スタンダード
78180,生存,22.097378277153567,2026-05-01,トランザクション,プライム
37880,生存,-34.693877551020414,2026-05-01,ＧＭＯグローバルサイン・ホールディングス,プライム
62870,生存,-3.760445682451252,2026-05-01,サトーホールディングス,プライム
67400,生存,456.25,2026-05-01,ジャパンディスプレイ,プライム
70780,生存,-44.3001443001443,2026-05-01,ＩＮＣＬＵＳＩＶＥ,グロース
40260,生存,21.140939597315445,2026-05-01,神島化学工業,スタンダード
21690,生存,-1.0326086956521707,2026-05-01,ＣＤＳ,スタンダード
63270,生存,313.2667617689016,2026-05-01,北川精機,スタンダード
50130,生存,93.37979094076655,2026-05-01,ユシロ化学工業,スタンダード
68790,消滅,48.684210526315795,2025-09-01,ＩＭＡＧＩＣＡ　ＧＲＯＵＰ,プライム
90250,生存,24.24639580602883,2026-05-01,鴻池運輸,プライム
54810,消滅,25.194330132601728,2025-04-01,山陽特殊製鋼,プライム
65970,生存,76.72240802675586,2026-05-01,ＨＰＣシステムズ,グロース
30030,生存,22.173174872665523,2026-05-01,ヒューリック,プライム
70870,生存,42.619311875693676,2026-05-01,ウイルテック,スタンダード
97400,生存,-6.729793709841059,2026-05-01,セントラル警備保障,プライム
46730,生存,94.4243301955105,2026-05-01,川崎地質,スタンダード
40550,生存,12.00000000000001,2026-05-01,ティアンドエスグループ,グロース
79700,生存,42.838370565046006,2026-05-01,信越ポリマー,プライム
45820,生存,-41.55844155844156,2026-05-01,シンバイオ製薬,グロース
90830,生存,16.02919708029198,2026-05-01,神姫バス,スタンダード
75010,生存,164.6276595744681,2026-05-01,ティムコ,スタンダード
81630,生存,0.5887300252312766,2026-05-01,ＳＲＳホールディングス,プライム
64080,生存,52.0,2026-05-01,小倉クラッチ,スタンダード
24930,生存,12.17587373167981,2026-05-01,イーサポートリンク,スタンダード
76050,消滅,48.337730870712406,2025-10-01,フジ・コーポレーション,プライム
55820,生存,-17.591623036649217,2026-05-01,グリッド,グロース
34260,生存,-3.905674281503313,2026-05-01,アトムリビンテック,スタンダード
61660,生存,132.59493670886076,2026-05-01,中村超硬,グロース
78230,生存,-1.2239902080783405,2026-05-01,アートネイチャー,スタンダード
90520,生存,-6.288708909004292,2026-05-01,山陽電気鉄道,プライム
44950,生存,43.20457796852646,2026-05-01,アイキューブドシステムズ,グロース
97160,生存,40.340218712029156,2026-05-01,乃村工藝社,プライム
36280,生存,-22.499999999999996,2026-05-01,データホライゾン,グロース
68060,生存,24.467472654001156,2026-05-01,ヒロセ電機,プライム
91150,生存,77.26027397260273,2026-05-01,明海グループ,スタンダード
97550,生存,-0.5496518871381473,2026-05-01,応用地質,プライム
92590,生存,12.128712871287139,2026-05-01,タカヨシホールディングス,グロース
43470,生存,37.1069182389937,2026-05-01,ブロードメディア,スタンダード
67500,生存,0.9433962264151052,2026-05-01,エレコム,プライム
47320,生存,34.64285714285715,2026-05-01,ユー・エス・エス,プライム
27960,生存,-17.582417582417587,2026-05-01,ファーマライズホールディングス,スタンダード
39020,消滅,219.3548387096774,2026-04-01,メディカル・データ・ビジョン,プライム
78880,生存,23.275862068965523,2026-05-01,三光合成,プライム
67710,生存,-1.0322580645161339,2026-05-01,池上通信機,スタンダード
30910,生存,1.098901098901095,2026-05-01,ブロンコビリー,プライム
43660,生存,91.78721418572093,2026-05-01,ダイトーケミックス,スタンダード
87060,生存,6.707734428473655,2026-05-01,極東証券,プライム
25730,生存,53.23741007194245,2026-05-01,北海道コカ・コーラボトリング,スタンダード
62840,生存,53.041825095057035,2026-05-01,日精エー・エス・ビー機械,プライム
94240,生存,-31.147540983606557,2026-05-01,日本通信,プライム
75710,生存,46.96969696969697,2026-05-01,ヤマノホールディングス,スタンダード
160A0,生存,-0.6483790523690747,2026-05-01,アズパートナーズ,スタンダード
37740,生存,21.556489055936325,2026-05-01,インターネットイニシアティブ,プライム
24840,生存,-48.75000000000001,2026-05-01,出前館,スタンダード
27670,生存,-7.584830339321358,2026-05-01,円谷フィールズホールディングス,プライム
45770,生存,11.16071428571428,2026-05-01,ダイト,プライム
48130,生存,-63.33333333333333,2026-05-01,ＡＣＣＥＳＳ,プライム
50340,生存,-11.733333333333329,2026-05-01,ｕｎｅｒｒｙ,グロース
59300,生存,3.4040178571428603,2026-05-01,文化シヤッター,プライム
55410,生存,99.69040247678018,2026-05-01,大平洋金属,プライム
76950,生存,-4.248323030382739,2026-05-01,交換できるくん,グロース
45790,生存,41.281138790035584,2026-05-01,ラクオリア創薬,グロース
47220,生存,2.661343978709252,2026-05-01,フューチャー,プライム
48880,生存,57.18562874251496,2026-05-01,ステラファーマ,グロース
36600,生存,1.5250544662309462,2026-05-01,アイスタイル,プライム
87950,生存,32.70175438596492,2026-05-01,Ｔ＆Ｄホールディングス,プライム
91620,生存,-20.820189274447955,2026-05-01,ブリーチ,グロース
21090,生存,3.610675039246458,2026-05-01,ＤＭ三井製糖ホールディングス,プライム
70630,生存,-87.99593082400814,2026-05-01,Ｂｉｒｄｍａｎ,グロース
76100,生存,14.876033057851235,2026-05-01,テイツー,スタンダード
63310,生存,135.66832935733393,2026-05-01,三菱化工機,プライム
67420,生存,22.184300341296925,2026-05-01,京三製作所,プライム
31730,生存,5.160550458715596,2026-05-01,Ｃｏｍｉｎｉｘ,スタンダード
65920,生存,24.18273607547794,2026-05-01,マブチモーター,プライム
92290,生存,-92.53393665158372,2026-05-01,サンウェルズ,グロース
75230,生存,47.02108157653528,2026-05-01,アールビバン,スタンダード
21200,生存,16.26506024096386,2026-05-01,ＬＩＦＵＬＬ,プライム
91100,生存,55.44554455445545,2026-05-01,ＮＳユナイテッド海運,プライム
96790,生存,67.200178664483,2026-05-01,ホウライ,スタンダード
79630,生存,9.8901098901099,2026-05-01,興研,スタンダード
18350,生存,70.85271317829458,2026-05-01,東鉄工業,プライム
18280,生存,72.42320819112629,2026-05-01,田辺工業,スタンダード
63430,生存,38.938053097345126,2026-05-01,フリージア・マクロス,スタンダード
58020,生存,284.31677018633536,2026-05-01,住友電気工業,プライム
24890,生存,-25.71428571428571,2026-05-01,アドウェイズ,プライム
89450,生存,12.609117361784673,2026-05-01,サンネクスタグループ,スタンダード
65540,生存,39.30555555555555,2026-05-01,エスユーエス,グロース
63320,生存,124.30900070871722,2026-05-01,月島ホールディングス,プライム
99480,生存,14.784672770430651,2026-05-01,アークス,プライム
62230,生存,36.90708252111761,2026-05-01,西部技研,スタンダード
73800,生存,113.58921161825725,2026-05-01,十六フィナンシャルグループ,プライム
17990,生存,68.69369369369369,2026-05-01,第一建設工業,スタンダード
36710,生存,79.67145790554413,2026-05-01,ソフトマックス,グロース
45990,生存,-35.0,2026-05-01,ステムリム,グロース
78790,生存,-37.53475440222428,2026-05-01,ノダ,スタンダード
76770,消滅,28.57142857142858,2026-03-02,ヤシマキザイ,スタンダード
97590,生存,-7.130524861878451,2026-05-01,ＮＳＤ,プライム
18530,生存,1.2779552715654896,2026-05-01,森組,スタンダード
56310,生存,96.0506863780359,2026-05-01,日本製鋼所,プライム
32020,生存,20.388349514563096,2026-05-01,ダイトウボウ,スタンダード
36940,生存,-38.81019830028328,2026-05-01,オプティム,プライム
76010,生存,-33.333333333333336,2026-05-01,ポプラ,スタンダード
60460,生存,14.598540145985407,2026-05-01,リンクバル,グロース
66350,生存,0.9360374414976613,2026-05-01,大日光・エンジニアリング,スタンダード
43330,消滅,-18.51063829787234,2026-03-02,東邦システムサイエンス,プライム
95030,生存,-15.619515619515623,2026-05-01,関西電力,プライム
26950,生存,-30.095036958817325,2026-05-01,くら寿司,プライム
36450,生存,-17.119565217391308,2026-05-01,メディカルネット,グロース
36530,生存,-58.41772151898734,2026-05-01,モルフォ,グロース
89050,消滅,49.67131212200895,2025-06-02,イオンモール,プライム
32990,生存,90.90909090909092,2026-05-01,ムゲンエステート,スタンダード
45750,生存,36.61971830985915,2026-05-01,キャンバス,グロース
18790,生存,27.06964520367936,2026-05-01,新日本建設,プライム
61180,生存,34.23120089786757,2026-05-01,アイダエンジニアリング,プライム
48090,生存,1.8658598083711508,2026-05-01,パラカ,プライム
64790,生存,-6.045949214026603,2026-05-01,ミネベアミツミ,プライム
68880,生存,-11.74496644295302,2026-05-01,アクモス,スタンダード
71910,生存,36.442786069651746,2026-05-01,イントラスト,スタンダード
39140,生存,-37.36434108527131,2026-05-01,ＪＩＧ−ＳＡＷ,グロース
48800,生存,-71.42857142857143,2026-05-01,セルソース,プライム
18730,生存,-5.660377358490565,2026-05-01,日本ハウスホールディングス,プライム
55850,消滅,8.823529411764696,2025-06-02,エコナビスタ,グロース
68900,生存,198.0840088430361,2026-05-01,フェローテックホールディングス,スタンダード
31660,生存,-4.234972677595628,2026-05-01,ＯＣＨＩホールディングス,スタンダード
34750,生存,115.63421828908554,2026-05-01,グッドコムアセット,プライム
80060,生存,93.6852026390198,2026-05-01,ユアサ・フナショク,スタンダード
21960,消滅,-41.54929577464789,2026-03-02,エスクリ,スタンダード
98950,生存,0.08006405124099114,2026-05-01,コンセック,スタンダード
82250,消滅,-15.816326530612246,2026-04-01,タカチホ,スタンダード
79520,生存,-13.468749999999996,2026-05-01,河合楽器製作所,プライム
81270,生存,60.05747126436782,2026-05-01,ヤマトインターナショナル,スタンダード
77490,生存,3.099965168930696,2026-05-01,メディキット,スタンダード
43450,生存,9.580052493438318,2026-05-01,シーティーエス,プライム
85630,生存,27.978580990629176,2026-05-01,大東銀行,スタンダード
21850,生存,50.94031071136549,2026-05-01,シイエム・シイ,スタンダード
39690,生存,-8.54700854700855,2026-05-01,エイトレッド,スタンダード
40440,生存,13.788300835654589,2026-05-01,セントラル硝子,プライム
61130,生存,46.02998334258746,2026-05-01,アマダ,プライム
84730,生存,52.14457831325301,2026-05-01,ＳＢＩホールディングス,プライム
51370,生存,8.856088560885599,2026-05-01,スマートドライブ,グロース
27210,生存,-53.333333333333336,2026-05-01,ジェイホールディングス,スタンダード
35380,生存,-5.899143672692675,2026-05-01,ウイルプラスホールディングス,スタンダード
43650,消滅,15.866741953698483,2026-03-02,松本油脂製薬,スタンダード
81390,生存,62.42937853107344,2026-05-01,ナガホリ,スタンダード
63730,消滅,64.64285714285714,2025-12-01,大同工業,スタンダード
34520,生存,59.5959595959596,2026-05-01,ビーロット,スタンダード
55990,生存,30.91286307053942,2026-05-01,Ｓ＆Ｊ,グロース
70420,生存,32.677595628415304,2026-05-01,アクセスグループ・ホールディングス,スタンダード
14500,生存,26.741573033707855,2026-05-01,田中建設工業,スタンダード
65510,生存,-4.172876304023843,2026-05-01,ツナググループ・ホールディングス,スタンダード
40610,生存,86.1699754628597,2026-05-01,デンカ,プライム
39070,生存,-48.22565969062784,2026-05-01,シリコンスタジオ,グロース
75090,生存,30.294530154277698,2026-05-01,アイエーグループ,スタンダード
73520,生存,-68.6377245508982,2026-05-01,ＴＷＯＳＴＯＮＥ＆Ｓｏｎｓ,グロース
46850,生存,72.51051893408133,2026-05-01,菱友システムズ,スタンダード
43010,生存,21.785268414481894,2026-05-01,アミューズ,プライム
81850,生存,5.181918412348407,2026-05-01,チヨダ,プライム
69370,消滅,15.986677768526224,2025-12-01,古河電池,プライム
19140,生存,19.935170178282014,2026-05-01,日本基礎技術,スタンダード
53310,生存,67.6214196762142,2026-05-01,ノリタケカンパニーリミテド,プライム
84110,生存,104.20347243374964,2026-05-01,みずほフィナンシャルグループ,プライム
99960,生存,22.16127262753702,2026-05-01,サトー商会,スタンダード
52880,生存,42.03045685279187,2026-05-01,アジアパイルホールディングス,プライム
46500,生存,-3.6101083032490933,2026-05-01,ＳＤエンターテイメント,スタンダード
68990,生存,-25.0788643533123,2026-05-01,ＡＳＴＩ,スタンダード
38500,生存,45.08108108108109,2026-05-01,エヌ・ティ・ティ・データ・イントラマート,スタンダード
73270,生存,127.36842105263158,2026-05-01,第四北越フィナンシャルグループ,プライム
93460,生存,-2.136498516320473,2026-05-01,ココルポート,グロース
66970,消滅,114.5716573258607,2025-05-01,テックポイント・インク,グロース
73630,生存,-11.913357400722024,2026-05-01,ベビーカレンダー,グロース
37620,生存,-5.6664867781975214,2026-05-01,テクマトリックス,プライム
20550,生存,24.013157894736835,2026-05-01,日和産業,スタンダード
45640,生存,4.545454545454541,2026-05-01,オンコセラピー・サイエンス,グロース
52320,生存,-0.1532175689479054,2026-05-01,住友大阪セメント,プライム
65250,生存,51.86915887850467,2026-05-01,ＫＯＫＵＳＡＩ　ＥＬＥＣＴＲＩＣ,プライム
58670,生存,7.892376681614355,2026-05-01,エスネットワークス,グロース
19680,生存,59.259465789326946,2026-05-01,太平電業,プライム
29030,生存,59.09580193756727,2026-05-01,シノブフーズ,スタンダード
71770,生存,30.58676654182273,2026-05-01,ＧＭＯフィナンシャルホールディングス,スタンダード
60310,生存,-45.54170661553212,2026-05-01,サイジニア,グロース
73710,生存,29.36660268714011,2026-05-01,Ｚｅｎｋｅｎ,グロース
36790,生存,-34.13461538461539,2026-05-01,じげん,プライム
64000,生存,-9.090909090909093,2026-05-01,不二精機,スタンダード
67540,生存,234.89583333333334,2026-05-01,アンリツ,プライム
73740,生存,-17.906336088154273,2026-05-01,コンフィデンス・インターワークス,グロース
49600,生存,73.62110311750601,2026-05-01,ケミプロ化成,スタンダード
80970,生存,6.99859088774073,2026-05-01,三愛オブリ,プライム
19460,生存,118.32740213523132,2026-05-01,トーエネック,プライム
91070,生存,2.560426054895526,2026-05-01,川崎汽船,プライム
58580,生存,11.058823529411764,2026-05-01,ＳＴＧ,グロース
59280,生存,-10.855263157894735,2026-05-01,アルメタックス,スタンダード
35400,消滅,78.46889952153111,2025-12-01,歯愛メディカル,スタンダード
39360,生存,26.618705035971214,2026-05-01,グローバルウェイ,グロース
64180,生存,-20.19623875715454,2026-05-01,日本金銭機械,プライム
76020,生存,11.864406779661007,2026-05-01,カーチスホールディングス,スタンダード
47330,生存,-6.112997838839151,2026-05-01,オービックビジネスコンサルタント,プライム
40620,生存,326.0232521102086,2026-05-01,イビデン,プライム
50250,生存,23.800738007380073,2026-05-01,マーキュリーリアルテックイノベーター,グロース
58210,生存,211.02514506769828,2026-05-01,平河ヒューテック,プライム
68820,生存,-2.0735155513666337,2026-05-01,三社電機製作所,スタンダード
85700,生存,17.29323308270676,2026-05-01,イオンフィナンシャルサービス,プライム
37120,生存,39.33333333333333,2026-05-01,情報企画,スタンダード
99320,生存,-3.9682539682539653,2026-05-01,杉本商事,プライム
22920,生存,-2.116585704371965,2026-05-01,Ｓ　Ｆｏｏｄｓ,プライム
83650,生存,14.713896457765664,2026-05-01,富山銀行,スタンダード
54760,消滅,21.15812917594655,2026-01-05,日本高周波鋼業,スタンダード
60480,消滅,-31.914893617021278,2025-09-01,デザインワン・ジャパン,スタンダード
63240,生存,14.190687361419062,2026-05-01,ハーモニック・ドライブ・システムズ,スタンダード
73840,生存,89.41429339065019,2026-05-01,プロクレアホールディングス,プライム
56590,生存,1.5467904098994678,2026-05-01,日本精線,プライム
39450,生存,-22.131728045325783,2026-05-01,スーパーバッグ,スタンダード
14440,生存,-3.052064631956908,2026-05-01,ニッソウ,グロース
66480,生存,357.90764201062524,2026-05-01,かわでん,スタンダード
68000,生存,108.75420875420873,2026-05-01,ヨコオ,プライム
78750,生存,53.66705471478463,2026-05-01,竹田ｉＰホールディングス,スタンダード
54840,生存,11.654320987654332,2026-05-01,東北特殊鋼,スタンダード
36080,生存,38.01295896328294,2026-05-01,ＴＳＩホールディングス,プライム
65440,生存,13.980378416257878,2026-05-01,ジャパンエレベーターサービスホールディングス,プライム
68640,生存,20.969162995594704,2026-05-01,エヌエフホールディングス,スタンダード
19690,生存,37.422360248447205,2026-05-01,高砂熱学工業,プライム
41880,生存,6.322519535874971,2026-05-01,三菱ケミカルグループ,プライム
19600,生存,106.52463382157124,2026-05-01,サンテック,スタンダード
54510,生存,15.885416666666675,2026-05-01,淀川製鋼所,プライム
70590,生存,15.33149171270718,2026-05-01,コプロ・ホールディングス,プライム
47600,生存,-10.270270270270265,2026-05-01,アルファ,スタンダード
50150,生存,1.1133603238866474,2026-05-01,ビーピー・カストロール,スタンダード
34740,生存,12.67893660531698,2026-05-01,Ｇ−ＦＡＣＴＯＲＹ,グロース
67480,生存,35.26315789473684,2026-05-01,星和電機,スタンダード
77220,生存,65.56016597510373,2026-05-01,国際計測器,スタンダード
92680,生存,-30.839694656488547,2026-05-01,オプティマスグループ,スタンダード
59740,生存,39.20922570016474,2026-05-01,中国工業,スタンダード
35470,生存,14.047029702970292,2026-05-01,串カツ田中ホールディングス,スタンダード
63150,生存,-21.39175257731959,2026-05-01,ＴＯＷＡ,プライム
77190,生存,177.61904761904762,2026-05-01,東京衡機,スタンダード
80160,生存,14.043209876543216,2026-05-01,オンワードホールディングス,プライム
75540,生存,-13.237639553429027,2026-05-01,幸楽苑ホールディングス,プライム
71050,消滅,1.924353019243541,2026-04-01,三菱ロジスネクスト,スタンダード
90780,消滅,-2.8112449799196804,2024-09-02,エスライングループ本社,スタンダード
59490,生存,-11.126373626373631,2026-05-01,ユニプレス,プライム
17880,生存,16.876574307304782,2026-05-01,三東工業社,スタンダード
86130,生存,2.24609375,2026-05-01,丸三証券,プライム
42670,消滅,106.66666666666669,2025-07-01,ライトワークス,グロース
80450,消滅,64.68750000000001,2026-04-01,横浜丸魚,スタンダード
78260,生存,63.65688487584651,2026-05-01,フルヤ金属,プライム
45360,生存,-0.030422878004254805,2026-05-01,参天製薬,プライム
70970,生存,199.800796812749,2026-05-01,さくらさくプラス,グロース
27360,生存,28.747795414462086,2026-05-01,フェスタリアホールディングス,スタンダード
14190,生存,-11.5,2026-05-01,タマホーム,プライム
67280,生存,-12.498886414253896,2026-05-01,アルバック,プライム
99790,生存,-14.438063986874482,2026-05-01,大庄,スタンダード
157A0,生存,12.512512512512508,2026-05-01,グリーンモンスター,グロース
26860,生存,3.4843205574912828,2026-05-01,ジーフット,スタンダード
90820,生存,80.51075268817205,2026-05-01,大和自動車交通,スタンダード
92780,生存,31.339401820546154,2026-05-01,ブックオフグループホールディングス,プライム
92250,生存,-21.571428571428577,2026-05-01,ブリッジコンサルティンググループ,グロース
75250,生存,8.576051779935279,2026-05-01,リックス,プライム
68220,生存,198.01699716713884,2026-05-01,大井電気,スタンダード
82540,生存,-41.64648910411623,2026-05-01,さいか屋,スタンダード
79420,生存,13.149425287356319,2026-05-01,ＪＳＰ,プライム
26130,生存,0.9778692743180661,2026-05-01,Ｊ−オイルミルズ,プライム
30210,生存,46.153846153846146,2026-05-01,パシフィックネット,スタンダード
64720,生存,20.883777239709445,2026-05-01,ＮＴＮ,プライム
41990,生存,-22.13883677298312,2026-05-01,ワンダープラネット,グロース
51390,生存,62.36363636363635,2026-05-01,オープンワーク,グロース
42650,生存,-40.789473684210535,2026-05-01,Ｉｎｓｔｉｔｕｔｉｏｎ　ｆｏｒ　ａ　Ｇｌｏｂａｌ　Ｓｏｃｉｅｔｙ,グロース
52820,生存,14.121037463976949,2026-05-01,ジオスター,スタンダード
59050,生存,-19.16717697489283,2026-05-01,日本製罐,スタンダード
73780,生存,148.10298102981028,2026-05-01,アシロ,グロース
94330,生存,16.988062442607887,2026-05-01,ＫＤＤＩ,プライム
31790,生存,-15.80570547417116,2026-05-01,シュッピン,プライム
65650,消滅,-6.25832223701731,2026-04-01,ＡＢホテル,スタンダード
72610,生存,-37.10632990333645,2026-05-01,マツダ,プライム
23530,生存,29.84293193717278,2026-05-01,日本駐車場開発,プライム
27840,生存,5.80847723704867,2026-05-01,アルフレッサ　ホールディングス,プライム
58050,生存,230.17241379310346,2026-05-01,ＳＷＣＣ,プライム
61590,生存,52.14285714285714,2026-05-01,ミクロン精密,スタンダード
67370,生存,-17.595190380761526,2026-05-01,ＥＩＺＯ,プライム
46910,生存,201.4102564102564,2026-05-01,ワシントンホテル,スタンダード
89040,生存,-1.5513126491646823,2026-05-01,ＡＶＡＮＴＩＡ,スタンダード
17580,生存,26.29999999999999,2026-05-01,太洋基礎工業,スタンダード
22070,生存,79.43107221006565,2026-05-01,名糖産業,プライム
40970,生存,18.279569892473123,2026-05-01,高圧ガス工業,プライム
75550,生存,-2.7486910994764413,2026-05-01,大田花き,スタンダード
70910,生存,14.909090909090917,2026-05-01,リビングプラットフォーム,グロース
95430,生存,43.212435233160626,2026-05-01,静岡ガス,プライム
99970,生存,14.69780219780219,2026-05-01,ベルーナ,プライム
74450,消滅,-21.188630490956072,2026-02-02,ライトオン,スタンダード
36550,消滅,147.56657483930212,2026-03-02,ブレインパッド,プライム
88770,生存,42.574257425742566,2026-05-01,エスリード,プライム
43070,生存,-0.28605482717520836,2026-05-01,野村総合研究所,プライム
34890,生存,39.448862585537256,2026-05-01,フェイスネットワーク,スタンダード
74820,生存,-0.5372217958557135,2026-05-01,シモジマ,プライム
56980,生存,126.01941747572813,2026-05-01,エンビプロ・ホールディングス,プライム
83830,生存,13.941967445152148,2026-05-01,鳥取銀行,スタンダード
99780,生存,19.999999999999996,2026-05-01,文教堂グループホールディングス,スタンダード
73470,生存,-14.057142857142857,2026-05-01,マーキュリアホールディングス,プライム
33880,生存,22.70011947431303,2026-05-01,明治電機工業,プライム
29860,生存,110.27546085371837,2026-05-01,ＬＡホールディングス,グロース
77930,生存,68.0597014925373,2026-05-01,イメージ・マジック,グロース
55910,生存,-52.98295454545454,2026-05-01,ＡＶＩＬＥＮ,グロース
46150,生存,0.0,2026-05-01,神東塗料,スタンダード
70960,生存,-55.87529976019185,2026-05-01,ステムセル研究所,グロース
34170,生存,43.90243902439024,2026-05-01,大木ヘルスケアホールディングス,スタンダード
53040,生存,4.530059271803566,2026-05-01,ＳＥＣカーボン,スタンダード
58840,生存,120.52401746724892,2026-05-01,クラダシ,グロース
90120,生存,10.83743842364533,2026-05-01,秩父鉄道,スタンダード
44060,生存,10.382513661202175,2026-05-01,新日本理化,スタンダード
73510,生存,-6.44490644490644,2026-05-01,グッドパッチ,グロース
37190,生存,46.62162162162162,2026-05-01,ジェクシード,スタンダード
44750,生存,-1.546391752577314,2026-05-01,ＨＥＮＮＧＥ,グロース
75380,生存,19.444444444444443,2026-05-01,大水,スタンダード
80460,生存,61.177295024527,2026-05-01,丸藤シートパイル,スタンダード
93860,消滅,58.84194053208138,2025-10-01,日本コンセプト,プライム
43310,生存,-26.29310344827587,2026-05-01,テイクアンドギヴ・ニーズ,プライム
78120,生存,1.2658227848101333,2026-05-01,クレステック,スタンダード
65900,生存,227.97202797202794,2026-05-01,芝浦メカトロニクス,プライム
52540,生存,-15.715715715715717,2026-05-01,Ａｒｅｎｔ,グロース
83770,生存,155.88108573890565,2026-05-01,ほくほくフィナンシャルグループ,プライム
72940,生存,-21.520146520146522,2026-05-01,ヨロズ,プライム
62580,生存,41.90755236804129,2026-05-01,平田機工,プライム
29260,生存,12.35955056179776,2026-05-01,篠崎屋,スタンダード
97820,生存,73.33709131905299,2026-05-01,ディーエムエス,スタンダード
26590,生存,34.994807892004154,2026-05-01,サンエー,プライム
34340,生存,-14.62029808374734,2026-05-01,アルファ,スタンダード
49340,生存,-27.16346153846154,2026-05-01,プレミアアンチエイジング,グロース
16630,生存,22.845953002610962,2026-05-01,Ｋ＆Ｏエナジーグループ,プライム
28090,生存,33.012820512820504,2026-05-01,キユーピー,プライム
69930,生存,250.0,2026-05-01,大黒屋ホールディングス,スタンダード
27500,生存,24.973876698014628,2026-05-01,石光商事,スタンダード
85410,生存,37.05972434915774,2026-05-01,愛媛銀行,プライム
90340,生存,36.25783348254252,2026-05-01,南総通運,スタンダード
74380,生存,9.624060150375936,2026-05-01,コンドーテック,プライム
59860,生存,-3.404255319148941,2026-05-01,モリテック　スチール,スタンダード
92520,生存,-4.69348659003831,2026-05-01,ラストワンマイル,グロース
184A0,生存,-66.47058823529413,2026-05-01,学びエイド,グロース
78960,生存,-0.5905511811023612,2026-05-01,セブン工業,スタンダード
23250,生存,23.404255319148938,2026-05-01,ＮＪＳ,プライム
98280,生存,-10.61093247588425,2026-05-01,元気寿司,スタンダード
81510,生存,11.00000000000001,2026-05-01,東陽テクニカ,プライム
23710,生存,36.65960825833774,2026-05-01,カカクコム,プライム
27020,生存,26.046511627906987,2026-05-01,日本マクドナルドホールディングス,スタンダード
50780,生存,9.764309764309775,2026-05-01,セレコーポレーション,スタンダード
53910,生存,-5.081157374735357,2026-05-01,エーアンドエーマテリアル,スタンダード
30530,生存,38.63636363636365,2026-05-01,ペッパーフードサービス,スタンダード
29780,生存,-58.349705304518665,2026-05-01,ツクルバ,グロース
77400,生存,-2.37442922374429,2026-05-01,タムロン,プライム
41020,生存,0.9071877180739651,2026-05-01,丸尾カルシウム,スタンダード
61640,消滅,31.549295774647888,2025-02-03,太陽工機,スタンダード
63330,生存,17.849553761155978,2026-05-01,帝国電機製作所,プライム
81230,生存,-5.106970324361626,2026-05-01,川辺,スタンダード
43620,生存,-11.233951497860195,2026-05-01,日本精化,プライム
27780,生存,-30.63583815028902,2026-05-01,パレモ・ホールディングス,スタンダード
75610,生存,-19.82651796778191,2026-05-01,ハークスレイ,スタンダード
96440,生存,38.78729547641964,2026-05-01,タナベコンサルティンググループ,プライム
97330,生存,24.190064794816422,2026-05-01,ナガセ,スタンダード
52830,生存,-11.538461538461542,2026-05-01,高見澤,スタンダード
97460,生存,8.993902439024382,2026-05-01,ＴＫＣ,プライム
75510,生存,7.610350076103511,2026-05-01,ウェッズ,スタンダード
82790,消滅,-0.33802202595136777,2025-09-01,ヤオコー,プライム
64700,生存,44.52466907340553,2026-05-01,大豊工業,スタンダード
39160,生存,6.572769953051649,2026-05-01,デジタル・インフォメーション・テクノロジー,プライム
62940,生存,-11.795491143317227,2026-05-01,オカダアイヨン,プライム
63700,生存,20.527419838178005,2026-05-01,栗田工業,プライム
72200,生存,142.57990867579912,2026-05-01,武蔵精密工業,プライム
46570,生存,-2.0703933747411973,2026-05-01,環境管理センター,スタンダード
47660,生存,-31.366459627329192,2026-05-01,ピーエイ,スタンダード
82550,生存,10.069101678183623,2026-05-01,アクシアル　リテイリング,プライム
98120,生存,-33.42245989304813,2026-05-01,テーオーホールディングス,スタンダード
78390,生存,-8.911866075824715,2026-05-01,ＳＨＯＥＩ,プライム
30650,生存,-4.376108811354229,2026-05-01,ライフフーズ,スタンダード
97930,生存,26.66666666666666,2026-05-01,ダイセキ,プライム
39760,生存,-4.773869346733672,2026-05-01,シャノン,グロース
38350,生存,-41.29496402877698,2026-05-01,ｅＢＡＳＥ,プライム
30020,生存,28.392857142857153,2026-05-01,グンゼ,プライム
58430,生存,157.7226606538895,2026-05-01,ニッポンインシュア,スタンダード
57040,生存,-43.38235294117647,2026-05-01,ＪＭＣ,グロース
45690,生存,-10.962099125364432,2026-05-01,杏林製薬,プライム
17620,生存,18.307426597582044,2026-05-01,高松コンストラクショングループ,プライム
19730,消滅,54.47523852794185,2025-03-03,ＮＥＣネッツエスアイ,プライム
39050,生存,-25.480283114256828,2026-05-01,データセクション,グロース
72910,生存,-7.366071428571431,2026-05-01,日本プラスト,スタンダード
48010,生存,-5.950479233226835,2026-05-01,セントラルスポーツ,プライム
93040,生存,65.60093957979905,2026-05-01,澁澤倉庫,プライム
96820,生存,-2.966507177033495,2026-05-01,ＤＴＳ,プライム
71190,生存,60.86956521739131,2026-05-01,ハルメクホールディングス,グロース
44040,生存,54.55207574654042,2026-05-01,ミヨシ油脂,スタンダード
96990,生存,8.010012515644549,2026-05-01,ニシオホールディングス,プライム
90100,生存,-25.74675324675325,2026-05-01,富士急行,プライム
61710,生存,22.910216718266252,2026-05-01,土木管理総合試験所,スタンダード
44160,生存,-0.22675736961451642,2026-05-01,Ｔｒｕｅ　Ｄａｔａ,グロース
59150,生存,44.35883324160705,2026-05-01,駒井ハルテック,プライム
49210,消滅,42.977960020502316,2024-12-02,ファンケル,プライム
50090,消滅,-21.884317233154437,2025-09-01,富士興産,スタンダード
70940,生存,1.7663043478260976,2026-05-01,ＮｅｘＴｏｎｅ,グロース
80310,生存,42.751021418843635,2026-05-01,三井物産,プライム
43810,生存,-55.91882750845547,2026-05-01,ビープラッツ,グロース
32520,生存,40.572390572390574,2026-05-01,地主,プライム
52790,生存,34.38202247191011,2026-05-01,日本興業,スタンダード
39170,生存,5.263157894736836,2026-05-01,アイリッジ,グロース
59450,消滅,31.05820105820105,2026-04-01,天龍製鋸,スタンダード
88440,生存,38.526570048309175,2026-05-01,コスモスイニシア,スタンダード
30700,生存,-4.716981132075471,2026-05-01,アマガサ,グロース
88500,生存,39.44281524926687,2026-05-01,スターツコーポレーション,プライム
13820,生存,-30.27050236152855,2026-05-01,ホーブ,スタンダード
70180,生存,141.08761329305136,2026-05-01,内海造船,スタンダード
39940,生存,-7.158308751229104,2026-05-01,マネーフォワード,プライム
47180,生存,25.257731958762886,2026-05-01,早稲田アカデミー,プライム
93480,生存,-37.165775401069524,2026-05-01,ｉｓｐａｃｅ,グロース
97040,生存,-18.75,2026-05-01,アゴーラ　ホスピタリティー　グループ,スタンダード
40710,生存,18.562874251497007,2026-05-01,プラスアルファ・コンサルティング,プライム
59010,生存,32.103746397694536,2026-05-01,東洋製罐グループホールディングス,プライム
64980,生存,86.9449378330373,2026-05-01,キッツ,プライム
44790,生存,36.54159869494291,2026-05-01,マクアケ,グロース
43870,生存,-45.41666666666667,2026-05-01,ＺＵＵ,グロース
46870,生存,-10.43233082706767,2026-05-01,ＴＤＣソフト,プライム
69730,消滅,37.51317175974711,2025-10-01,協栄産業,スタンダード
27000,生存,58.85860306643953,2026-05-01,木徳神糧,スタンダード
87080,生存,-29.941577409931842,2026-05-01,アイザワ証券グループ,プライム
67580,生存,19.487963316774938,2026-05-01,ソニーグループ,プライム
60920,生存,34.7245409015025,2026-05-01,エンバイオ・ホールディングス,スタンダード
35610,生存,6.685837526959015,2026-05-01,力の源ホールディングス,プライム
75320,生存,8.504398826979465,2026-05-01,パン・パシフィック・インターナショナルホールディングス,プライム
78080,生存,-12.24188790560472,2026-05-01,シー・エス・ランバー,スタンダード
63370,生存,24.769433465085644,2026-05-01,テセック,スタンダード
97490,消滅,51.90697674418605,2025-05-01,富士ソフト,プライム
23370,生存,24.0,2026-05-01,いちご,プライム
17180,生存,41.29158512720157,2026-05-01,美樹工業,スタンダード
64360,生存,-5.874604847207587,2026-05-01,アマノ,プライム
26980,生存,7.826671145448438,2026-05-01,キャンドゥ,スタンダード
74660,生存,13.9629462268414,2026-05-01,ＳＰＫ,プライム
49510,生存,-6.132989025177538,2026-05-01,エステー,プライム
97530,生存,18.3410138248848,2026-05-01,アイエックス・ナレッジ,スタンダード
82910,生存,-0.5714285714285672,2026-05-01,日産東京販売ホールディングス,スタンダード
60220,生存,39.02439024390243,2026-05-01,赤阪鐵工所,スタンダード
85220,生存,120.61068702290076,2026-05-01,名古屋銀行,プライム
23310,生存,24.078753421773015,2026-05-01,綜合警備保障,プライム
24770,生存,-15.994436717663419,2026-05-01,手間いらず,スタンダード
17680,生存,45.93716143011917,2026-05-01,ソネック,スタンダード
68530,生存,66.89189189189189,2026-05-01,共和電業,スタンダード
33060,生存,6.578947368421062,2026-05-01,日本製麻,スタンダード
31780,生存,-8.819018404907975,2026-05-01,チムニー,スタンダード
74330,生存,-18.65234375,2026-05-01,伯東,プライム
42980,消滅,54.010301692420896,2025-06-02,プロトコーポレーション,プライム
33960,生存,-9.684439608269857,2026-05-01,フェリシモ,スタンダード
55950,消滅,-33.85906040268456,2025-11-04,ＱＰＳ研究所,グロース
47920,生存,-14.53305351521511,2026-05-01,山田コンサルティンググループ,プライム
43800,生存,-9.370199692780334,2026-05-01,Ｍマート,グロース
18660,生存,28.555555555555557,2026-05-01,北野建設,スタンダード
36670,生存,-80.56680161943319,2026-05-01,ｅｎｉｓｈ,スタンダード
80580,生存,55.32738095238094,2026-05-01,三菱商事,プライム
56320,生存,17.433570965651324,2026-05-01,三菱製鋼,プライム
95110,生存,-15.723270440251568,2026-05-01,沖縄電力,プライム
52850,生存,3.8325053229240513,2026-05-01,ヤマックス,スタンダード
17750,消滅,29.04290429042904,2025-01-06,富士古河Ｅ＆Ｃ,スタンダード
38610,生存,30.01734195175787,2026-05-01,王子ホールディングス,プライム
78170,消滅,29.47251936554778,2026-02-02,パラマウントベッドホールディングス,プライム
39460,生存,27.621113521330432,2026-05-01,トーモク,プライム
49230,生存,-17.87088809817733,2026-05-01,コタ,プライム
55760,生存,22.232142857142854,2026-05-01,オービーシステム,スタンダード
96510,生存,72.38454288407164,2026-05-01,日本プロセス,スタンダード
96860,生存,27.750410509031198,2026-05-01,東洋テック,スタンダード
74830,生存,46.171171171171174,2026-05-01,ドウシシャ,プライム
18970,生存,13.713509843856087,2026-05-01,金下建設,スタンダード
71920,生存,61.91646191646192,2026-05-01,日本モーゲージサービス,スタンダード
39130,生存,70.11128775834659,2026-05-01,ＧｒｅｅｎＢｅｅ,グロース
67550,消滅,30.961853498712856,2025-08-01,富士通ゼネラル,プライム
95570,生存,-38.874680306905375,2026-05-01,エアークローゼット,グロース
53550,生存,5.49273021001615,2026-05-01,日本坩堝,スタンダード
70110,生存,229.92805755395685,2026-05-01,三菱重工業,プライム
60880,生存,-14.832535885167463,2026-05-01,シグマクシス・ホールディングス,プライム
60990,生存,-9.523809523809524,2026-05-01,エラン,プライム
72820,生存,48.88451443569555,2026-05-01,豊田合成,プライム
77390,消滅,56.587473002159825,2026-04-01,キヤノン電子,プライム
72290,生存,42.8912213740458,2026-05-01,ユタカ技研,スタンダード
93320,生存,-30.186480186480193,2026-05-01,ＮＩＳＳＯホールディングス,プライム
26540,生存,-9.589041095890416,2026-05-01,アスモ,スタンダード
37770,生存,39.02439024390243,2026-05-01,環境フレンドリーホールディングス,グロース
64840,生存,33.460490463215265,2026-05-01,ＫＶＫ,スタンダード
65560,消滅,0.0,2024-06-03,ウェルビー,プライム
60690,生存,-26.1437908496732,2026-05-01,トレンダーズ,グロース
29980,生存,-22.439585730724975,2026-05-01,クリアル,グロース
54630,生存,16.057929497891287,2026-05-01,丸一鋼管,プライム
66770,生存,14.072847682119205,2026-05-01,エスケーエレクトロニクス,スタンダード
54580,消滅,12.580645161290317,2026-04-01,高砂鐵工,スタンダード
44450,生存,66.51162790697673,2026-05-01,リビン・テクノロジーズ,グロース
76000,生存,-17.535545023696685,2026-05-01,日本エム・ディ・エム,プライム
90310,生存,14.573268921095007,2026-05-01,西日本鉄道,プライム
46280,生存,31.242158092848182,2026-05-01,エスケー化研,スタンダード
93390,生存,-13.585434173669464,2026-05-01,コーチ・エィ,スタンダード
47260,消滅,-0.13577732518669228,2024-09-02,ＳＢテクノロジー,プライム
80080,生存,-3.057459146020036,2026-05-01,ヨンドシーホールディングス,プライム
79830,生存,-24.28571428571429,2026-05-01,ミロク,スタンダード
19670,生存,95.013357079252,2026-05-01,ヤマト,スタンダード
70130,生存,404.6434203609602,2026-05-01,ＩＨＩ,プライム
45310,生存,13.311688311688318,2026-05-01,有機合成薬品工業,スタンダード
60930,生存,19.8581560283688,2026-05-01,エスクロー・エージェント・ジャパン,スタンダード
89170,生存,3.523809523809529,2026-05-01,ファースト住建,スタンダード
33200,生存,30.72407045009784,2026-05-01,クロスプラス,スタンダード
93670,生存,156.75675675675674,2026-05-01,大東港運,スタンダード
99870,生存,13.246806757313557,2026-05-01,スズケン,プライム
64740,生存,44.9067431850789,2026-05-01,不二越,プライム
92040,生存,-57.71208226221079,2026-05-01,スカイマーク,グロース
52800,生存,36.9928400954654,2026-05-01,ヨシコン,スタンダード
148A0,生存,-14.644549763033176,2026-05-01,ハッチ・ワーク,グロース
32670,生存,38.20998278829604,2026-05-01,フィル・カンパニー,スタンダード
30280,生存,-3.2560434139121908,2026-05-01,アルペン,プライム
77010,生存,-10.771861260381044,2026-05-01,島津製作所,プライム
35510,生存,24.24969987995198,2026-05-01,ダイニック,スタンダード
60730,生存,-12.662721893491124,2026-05-01,アサンテ,プライム
78290,消滅,0.0,2024-06-03,サマンサタバサジャパンリミテッド,グロース
96160,生存,-22.730199613651003,2026-05-01,共立メンテナンス,プライム
36740,生存,-22.916666666666664,2026-05-01,オークファン,グロース
28010,生存,-22.044033704811095,2026-05-01,キッコーマン,プライム
33280,消滅,88.98385565052232,2025-08-01,ＢＥＥＮＯＳ,プライム
49940,生存,-17.869780608634112,2026-05-01,大成ラミック,スタンダード
33770,生存,-21.850393700787397,2026-05-01,バイク王＆カンパニー,スタンダード
36040,消滅,53.91527599486521,2025-05-01,川本産業,スタンダード
73760,生存,87.95811518324608,2026-05-01,ＢＣＣ,グロース
83680,生存,152.5801952580195,2026-05-01,百五銀行,プライム
28120,消滅,0.0,2024-06-03,焼津水産化学工業,スタンダード
53680,生存,16.434262948207177,2026-05-01,日本インシュレーション,スタンダード
70300,生存,73.81864623243935,2026-05-01,スプリックス,スタンダード
77790,生存,48.979591836734706,2026-05-01,ＣＹＢＥＲＤＹＮＥ,グロース
27260,生存,66.05042016806723,2026-05-01,パルグループホールディングス,プライム
36860,生存,-35.0,2026-05-01,ディー・エル・イー,スタンダード
89290,生存,3.87192851824274,2026-05-01,青山財産ネットワークス,スタンダード
70120,生存,162.8023352793995,2026-05-01,川崎重工業,プライム
92160,生存,2.811466372657101,2026-05-01,ビーウィズ,プライム
63300,生存,146.78998911860717,2026-05-01,東洋エンジニアリング,プライム
97020,生存,53.59195402298851,2026-05-01,アイ・エス・ビー,プライム
58320,生存,67.13656387665199,2026-05-01,ちゅうぎんフィナンシャルグループ,プライム
95370,生存,52.49266862170088,2026-05-01,北陸瓦斯,スタンダード
93100,生存,35.56818181818182,2026-05-01,日本トランスシティ,プライム
74220,生存,-9.165808444902169,2026-05-01,東邦レマック,スタンダード
156A0,生存,-7.608695652173914,2026-05-01,マテリアルグループ,グロース
42720,生存,37.39545997610514,2026-05-01,日本化薬,プライム
40800,消滅,-58.41584158415842,2026-01-05,田中化学研究所,スタンダード
51080,生存,-6.048269845885434,2026-05-01,ブリヂストン,プライム
93600,生存,31.01321585903083,2026-05-01,鈴与シンワート,スタンダード
93110,生存,38.947368421052644,2026-05-01,アサガミ,スタンダード
73530,生存,12.698412698412698,2026-05-01,ＫＩＹＯラーニング,グロース
36650,生存,12.238805970149258,2026-05-01,エニグモ,プライム
79620,生存,-11.308203991130817,2026-05-01,キングジム,プライム
43600,生存,50.58626465661642,2026-05-01,マナック・ケミカル・パートナーズ,スタンダード
31530,生存,94.0159574468085,2026-05-01,八洲電機,プライム
59230,生存,-2.3421335760986484,2026-05-01,高田機工,スタンダード
93270,生存,-60.08403361344538,2026-05-01,イー・ロジット,スタンダード
54800,生存,-7.9999999999999964,2026-05-01,日本冶金工業,プライム
72020,生存,1.3381123058542332,2026-05-01,いすゞ自動車,プライム
30790,生存,2.2954091816367317,2026-05-01,ディーブイエックス,スタンダード
41120,生存,-4.496124031007753,2026-05-01,保土谷化学工業,プライム
29370,生存,-21.813031161473084,2026-05-01,サンクゼール,グロース
36720,生存,-72.65625,2026-05-01,オルトプラス,スタンダード
69080,生存,8.62354892205639,2026-05-01,イリソ電子工業,プライム
31590,生存,2.9673590504450953,2026-05-01,丸善ＣＨＩホールディングス,スタンダード
49170,生存,155.38971807628522,2026-05-01,マンダム,プライム
44990,生存,87.99725651577504,2026-05-01,Ｓｐｅｅｅ,スタンダード
95360,生存,12.024353120243525,2026-05-01,西部ガスホールディングス,プライム
56190,生存,-37.58915834522111,2026-05-01,マーソ,グロース
51890,生存,64.02877697841727,2026-05-01,櫻護謨,スタンダード
61730,生存,-83.87755102040816,2026-05-01,アクアライン,グロース
32360,生存,73.2620320855615,2026-05-01,プロパスト,スタンダード
44360,生存,-54.38786565547129,2026-05-01,ミンカブ・ジ・インフォノイド,グロース
63670,生存,-1.9729787690328071,2026-05-01,ダイキン工業,プライム
79280,消滅,11.030741410488254,2026-04-01,旭化学工業,スタンダード
80980,生存,14.139941690962111,2026-05-01,稲畑産業,プライム
56160,生存,-5.839416058394164,2026-05-01,雨風太陽,グロース
98540,生存,33.155080213903744,2026-05-01,愛眼,スタンダード
32930,生存,0.5215123859191761,2026-05-01,アズマハウス,スタンダード
83950,生存,82.93122074180769,2026-05-01,佐賀銀行,プライム
70840,生存,225.47486033519553,2026-05-01,Ｋｉｄｓ　Ｓｍｉｌｅ　Ｈｏｌｄｉｎｇｓ,グロース
78600,生存,-1.5037593984962405,2026-05-01,エイベックス,プライム
49370,生存,-29.45902517407606,2026-05-01,Ｗａｑｏｏ,グロース
30860,生存,44.455190199871055,2026-05-01,Ｊ．フロント　リテイリング,プライム
83620,生存,80.0573888091822,2026-05-01,福井銀行,プライム
78150,生存,-52.61096605744125,2026-05-01,東京ボード工業,スタンダード
92210,生存,8.617594254937156,2026-05-01,フルハシＥＰＯ,スタンダード
63120,消滅,29.016786570743403,2026-01-05,フロイント産業,スタンダード
51100,生存,14.3221058590433,2026-05-01,住友ゴム工業,プライム
61820,生存,-55.14563106796116,2026-05-01,メタリアル,グロース
65700,生存,39.524348810872034,2026-05-01,共和コーポレーション,スタンダード
66260,生存,6.590909090909092,2026-05-01,ＳＥＭＩＴＥＣ,スタンダード
72710,生存,94.61663947797716,2026-05-01,安永,スタンダード
46590,生存,83.74999999999999,2026-05-01,エイジス,スタンダード
46620,生存,35.437330928764645,2026-05-01,フォーカスシステムズ,プライム
72080,生存,25.6952169076752,2026-05-01,カネミツ,スタンダード
31400,生存,1.060752169720347,2026-05-01,ＢＲＵＮＯ,グロース
59500,生存,47.82608695652173,2026-05-01,日本パワーファスニング,スタンダード
96850,生存,11.247803163444647,2026-05-01,ＫＹＣＯＭホールディングス,スタンダード
47140,生存,-20.16460905349794,2026-05-01,リソー教育,プライム
65030,生存,120.36297640653358,2026-05-01,三菱電機,プライム
99550,生存,26.467931345980134,2026-05-01,ヨンキュウ,スタンダード
26700,生存,-11.475682878081283,2026-05-01,エービーシー・マート,プライム
28310,生存,5.045871559633031,2026-05-01,はごろもフーズ,スタンダード
90360,生存,17.94117647058824,2026-05-01,東部ネットワーク,スタンダード
14510,消滅,54.89655172413792,2024-11-01,ＫＨＣ,スタンダード
18870,生存,25.64102564102564,2026-05-01,日本国土開発,プライム
81030,生存,18.11894882434302,2026-05-01,明和産業,プライム
70410,生存,-40.31311154598826,2026-05-01,ＣＲＧホールディングス,グロース
35460,生存,29.73214285714285,2026-05-01,アレンザホールディングス,プライム
64860,生存,48.08398950131234,2026-05-01,イーグル工業,プライム
97670,生存,2.4358974358974272,2026-05-01,日建工学,スタンダード
66380,生存,-17.017738359201772,2026-05-01,ミマキエンジニアリング,プライム
175A0,生存,-50.41698256254739,2026-05-01,Ｗｉｌｌ　Ｓｍａｒｔ,グロース
38570,消滅,52.708058124174364,2025-02-03,ラック,スタンダード
69270,生存,107.95660036166366,2026-05-01,ヘリオス　テクノ　ホールディング,スタンダード
32370,生存,-50.370370370370374,2026-05-01,イントランス,グロース
74510,消滅,19.734345351043636,2025-09-01,三菱食品,スタンダード
168A0,生存,-14.710144927536229,2026-05-01,イタミアート,グロース
61770,生存,-5.309734513274334,2026-05-01,ＡｐｐＢａｎｋ,グロース
92480,生存,-10.462427745664737,2026-05-01,人・夢・技術グループ,プライム
57590,消滅,-94.80662983425414,2024-12-02,日本電解,グロース
74130,生存,14.101423487544483,2026-05-01,創健社,スタンダード
44170,生存,-4.04293381037567,2026-05-01,グローバルセキュリティエキスパート,グロース
48380,生存,57.70925110132159,2026-05-01,スペースシャワーＳＫＩＹＡＫＩホールディングス,スタンダード
19650,生存,273.6812881732371,2026-05-01,テクノ菱和,スタンダード
66430,生存,119.58041958041959,2026-05-01,戸上電機製作所,スタンダード
66580,生存,6.875000000000009,2026-05-01,シライ電子工業,スタンダード
95580,生存,-2.1758839528558505,2026-05-01,ジャパニアス,グロース
42590,生存,104.54545454545455,2026-05-01,エクサウィザーズ,グロース
81170,生存,8.589364399106646,2026-05-01,中央自動車工業,スタンダード
31510,生存,4.331590739357738,2026-05-01,バイタルケーエスケー・ホールディングス,プライム
36750,生存,6.228373702422152,2026-05-01,クロス・マーケティンググループ,プライム
90510,生存,45.392491467576804,2026-05-01,センコン物流,スタンダード
40640,生存,44.49197860962566,2026-05-01,日本カーバイド工業,プライム
88360,生存,66.66666666666667,2026-05-01,ＲＩＳＥ,スタンダード
75200,生存,-1.7888307155322858,2026-05-01,エコス,プライム
90480,生存,-1.1160714285714302,2026-05-01,名古屋鉄道,プライム
14470,生存,-2.2950819672131195,2026-05-01,ＩＴｂｏｏｋホールディングス,グロース
36120,生存,40.32634032634033,2026-05-01,ワールド,プライム
37230,生存,80.77922077922078,2026-05-01,日本ファルコム,グロース
66620,生存,-6.694560669456062,2026-05-01,ユビテック,スタンダード
70460,消滅,-27.670454545454547,2026-04-01,ＴＤＳＥ,グロース
27150,消滅,18.759305210918107,2025-01-06,エレマテック,プライム
33550,生存,41.78294573643411,2026-05-01,クリヤマホールディングス,スタンダード
43980,生存,-20.181700194678776,2026-05-01,ブロードバンドセキュリティ,スタンダード
92750,消滅,33.586626139817625,2025-09-01,ナルミヤ・インターナショナル,スタンダード
93360,生存,47.30372720063443,2026-05-01,大栄環境,プライム
32910,生存,6.673067690830536,2026-05-01,飯田グループホールディングス,プライム
78630,生存,5.591397849462365,2026-05-01,平賀,スタンダード
17980,生存,57.80423280423281,2026-05-01,守谷商会,スタンダード
97600,生存,-44.11764705882353,2026-05-01,進学会ホールディングス,スタンダード
50210,生存,0.9506908353403398,2026-05-01,コスモエネルギーホールディングス,プライム
68170,生存,4.826418289585099,2026-05-01,スミダコーポレーション,プライム
60230,生存,76.23345367027679,2026-05-01,ダイハツディーゼル,スタンダード
70340,生存,-36.36363636363637,2026-05-01,プロレド・パートナーズ,プライム
99080,生存,17.219512195121943,2026-05-01,日本電計,スタンダード
49330,生存,-31.63138231631383,2026-05-01,Ｉ−ｎｅ,プライム
64960,生存,46.93877551020409,2026-05-01,中北製作所,スタンダード
31690,生存,3.1796502384737746,2026-05-01,ミサワ,スタンダード
68710,生存,112.8813559322034,2026-05-01,日本マイクロニクス,プライム
71310,生存,111.15973741794312,2026-05-01,のむら産業,スタンダード
75100,生存,1.532033426183843,2026-05-01,たけびし,プライム
30040,生存,16.073298429319372,2026-05-01,神栄,スタンダード
19210,生存,149.44099378881987,2026-05-01,巴コーポレーション,スタンダード
97230,生存,-22.384428223844278,2026-05-01,京都ホテル,スタンダード
36590,生存,-2.460093896713611,2026-05-01,ネクソン,プライム
68750,生存,131.33097762073027,2026-05-01,メガチップス,プライム
70810,生存,11.082138200782277,2026-05-01,コーユーレンティア,スタンダード
71280,生存,-0.23137436372050457,2026-05-01,フルサト・マルカホールディングス,プライム
65840,生存,-21.9361483007209,2026-05-01,三櫻工業,プライム
83340,生存,97.25651577503429,2026-05-01,群馬銀行,プライム
95650,生存,-61.82396606574761,2026-05-01,ＧＬＯＥ,グロース
43940,生存,2.734839476813322,2026-05-01,エクスモーション,グロース
37380,消滅,36.21926229508197,2025-02-03,ティーガイア,プライム
78460,生存,8.791731828381044,2026-05-01,パイロットコーポレーション,プライム
41870,生存,36.8421052631579,2026-05-01,大阪有機化学工業,プライム
19280,生存,-5.685895666574659,2026-05-01,積水ハウス,プライム
69670,消滅,5.113130233386776,2025-06-02,新光電気工業,プライム
26520,生存,-33.463035019455255,2026-05-01,まんだらけ,スタンダード
83160,生存,59.146394002929604,2026-05-01,三井住友フィナンシャルグループ,プライム
30750,生存,-8.78186968838527,2026-05-01,銚子丸,スタンダード
52710,生存,11.364740165128694,2026-05-01,トーヨーアサノ,スタンダード
41000,生存,-28.79746835443038,2026-05-01,戸田工業,スタンダード
32750,消滅,44.86373165618449,2025-01-06,ハウスコム,スタンダード
71810,生存,51.689289606658086,2026-05-01,かんぽ生命保険,プライム
29340,生存,-27.954735959765298,2026-05-01,ジェイフロンティア,グロース
93840,消滅,53.99239543726235,2025-07-01,内外トランスライン,プライム
81550,消滅,-0.13513513513513375,2024-11-01,三益半導体工業,プライム
36640,生存,-39.28571428571429,2026-05-01,モブキャストホールディングス,グロース
14070,生存,0.8744316194473578,2026-05-01,ウエストホールディングス,スタンダード
33910,生存,10.482493595217779,2026-05-01,ツルハホールディングス,プライム
63470,生存,33.02325581395349,2026-05-01,プラコー,スタンダード
24400,生存,-52.78688524590164,2026-05-01,ぐるなび,プライム
38030,生存,29.342723004694825,2026-05-01,イメージ情報開発,グロース
32940,生存,213.1052291801162,2026-05-01,イーグランド,スタンダード
65430,生存,86.78343949044587,2026-05-01,日宣,スタンダード
14010,生存,86.08815426997245,2026-05-01,エムビーエス,グロース
55780,生存,61.467593340876014,2026-05-01,ＡＲアドバンストテクノロジ,グロース
92110,生存,2.4038461538461453,2026-05-01,エフ・コード,グロース
19490,消滅,170.94972067039106,2026-03-02,住友電設,プライム
19290,生存,6.153846153846154,2026-05-01,日特建設,プライム
28130,生存,-23.189823874755376,2026-05-01,和弘食品,スタンダード
71350,生存,37.01298701298701,2026-05-01,ジャパンクラフトホールディングス,スタンダード
85240,生存,61.50081566068515,2026-05-01,北洋銀行,プライム
40460,生存,-1.2806830309498363,2026-05-01,大阪ソーダ,プライム
52100,生存,75.95224559408756,2026-05-01,日本山村硝子,スタンダード
60710,生存,21.07023411371238,2026-05-01,ＩＢＪ,プライム
37660,生存,19.047619047619047,2026-05-01,システムズ・デザイン,スタンダード
77760,生存,7.569721115537842,2026-05-01,セルシード,グロース
99560,生存,49.71050454921422,2026-05-01,バローホールディングス,プライム
45920,生存,294.78957915831666,2026-05-01,サンバイオ,グロース
17760,生存,90.23923444976076,2026-05-01,三井住建道路,スタンダード
44930,生存,-33.12101910828026,2026-05-01,サイバーセキュリティクラウド,グロース
65260,生存,-55.638665132336016,2026-05-01,ソシオネクスト,プライム
52520,生存,81.81818181818181,2026-05-01,日本ナレッジ,グロース
75850,生存,1.228501228501222,2026-05-01,かんなん丸,スタンダード
14300,生存,43.88961892247043,2026-05-01,ファーストコーポレーション,スタンダード
47460,生存,13.237221494102226,2026-05-01,東計電算,スタンダード
27820,生存,26.74247982391782,2026-05-01,セリア,スタンダード
46450,生存,-13.580246913580252,2026-05-01,市進ホールディングス,スタンダード
57140,生存,61.81384248210024,2026-05-01,ＤＯＷＡホールディングス,プライム
40560,生存,-68.11594202898551,2026-05-01,ニューラルグループ,グロース
24870,消滅,8.652373660030621,2024-12-02,ＣＤＧ,スタンダード
45490,生存,47.04469005285921,2026-05-01,栄研化学,プライム
68340,生存,983.4580838323353,2026-05-01,精工技研,スタンダード
38480,生存,-3.0526315789473735,2026-05-01,データ・アプリケーション,スタンダード
62720,生存,-1.1627906976744207,2026-05-01,レオン自動機,プライム
67940,生存,86.49613325401546,2026-05-01,フォスター電機,プライム
76160,生存,-5.805805805805808,2026-05-01,コロワイド,プライム
69180,生存,-30.459126539753644,2026-05-01,アバールデータ,スタンダード
40510,生存,-11.515151515151512,2026-05-01,ＧＭＯフィナンシャルゲート,グロース
83920,生存,199.1465149359886,2026-05-01,大分銀行,プライム
42370,生存,-3.1914893617021267,2026-05-01,フジプレアム,スタンダード
60440,生存,44.13793103448276,2026-05-01,三機サービス,スタンダード
24240,生存,-12.28323699421965,2026-05-01,ブラス,スタンダード
63660,生存,250.34246575342465,2026-05-01,千代田化工建設,スタンダード
15140,生存,-44.03534609720177,2026-05-01,住石ホールディングス,スタンダード
25010,生存,63.65835504279866,2026-05-01,サッポロホールディングス,プライム
29080,生存,-17.21890277023357,2026-05-01,フジッコ,プライム
43820,生存,-36.61971830985915,2026-05-01,ＨＥＲＯＺ,スタンダード
51220,生存,19.48608137044967,2026-05-01,オカモト,プライム
79470,生存,-3.7232960325534026,2026-05-01,エフピコ,プライム
24910,生存,-59.543918918918926,2026-05-01,バリューコマース,プライム
86040,生存,23.444298289992926,2026-05-01,野村ホールディングス,プライム
39890,生存,116.76082862523542,2026-05-01,シェアリングテクノロジー,グロース
86000,生存,111.87648456057006,2026-05-01,トモニホールディングス,プライム
46270,生存,6.266666666666665,2026-05-01,ナトコ,スタンダード
60820,生存,-6.987724268177531,2026-05-01,ライドオンエクスプレスホールディングス,スタンダード
77300,生存,-9.231178504921523,2026-05-01,マニー,プライム
33000,生存,170.2247191011236,2026-05-01,アンビション　ＤＸ　ホールディングス,グロース
42840,生存,47.770700636942664,2026-05-01,ソルクシーズ,スタンダード
79400,生存,64.23017107309488,2026-05-01,ウェーブロックホールディングス,スタンダード
44710,生存,23.815461346633416,2026-05-01,三洋化成工業,プライム
60910,生存,43.048576214405365,2026-05-01,ウエスコホールディングス,スタンダード
38470,消滅,90.75630252100841,2025-11-04,パシフィックシステム,スタンダード
65470,生存,11.819519372241306,2026-05-01,グリーンズ,スタンダード
29240,生存,42.01183431952662,2026-05-01,イフジ産業,スタンダード
45910,生存,-9.195402298850574,2026-05-01,リボミック,グロース
33190,消滅,-19.850187265917608,2025-09-01,ゴルフダイジェスト・オンライン,プライム
91580,生存,-48.88010540184453,2026-05-01,シーユーシー,グロース
75040,生存,33.00536672629697,2026-05-01,高速,プライム
62270,生存,540.9315011014371,2026-05-01,ＡＩメカテック,スタンダード
52840,生存,18.71508379888269,2026-05-01,ヤマウホールディングス,スタンダード
38100,生存,-13.438735177865613,2026-05-01,サイバーステップ,スタンダード
79230,消滅,91.3821138211382,2026-03-02,トーイン,スタンダード
47450,消滅,7.748184019370452,2026-01-05,東京個別指導学院,スタンダード
46680,生存,-5.138888888888893,2026-05-01,明光ネットワークジャパン,プライム
58190,生存,12.87878787878789,2026-05-01,カナレ電気,スタンダード
73880,生存,-45.129469790382245,2026-05-01,ＦＰパートナー,プライム
37100,生存,1.3157894736842035,2026-05-01,ジョルダン,スタンダード
44200,生存,-42.536475869809195,2026-05-01,イーソル,スタンダード
77910,生存,5.206942590120156,2026-05-01,ドリームベッド,スタンダード
71960,生存,-15.909090909090907,2026-05-01,Ｃａｓａ,スタンダード
81580,生存,-4.672897196261683,2026-05-01,ソーダニッカ,プライム
39810,生存,16.193961573650494,2026-05-01,ビーグリー,スタンダード
73860,消滅,-4.441260744985676,2025-06-02,ジャパンワランティサポート,グロース
50790,生存,-17.894736842105264,2026-05-01,ノバック,スタンダード
82600,生存,-7.57575757575758,2026-05-01,井筒屋,スタンダード
69320,生存,57.9076923076923,2026-05-01,遠藤照明,スタンダード
97350,生存,16.49893260140287,2026-05-01,セコム,プライム
99820,生存,143.3098591549296,2026-05-01,タキヒヨー,スタンダード
21630,生存,-8.867469879518076,2026-05-01,アルトナー,プライム
74530,生存,183.43079922027292,2026-05-01,良品計画,プライム
78060,生存,308.0267558528428,2026-05-01,ＭＴＧ,グロース
30940,消滅,-17.91666666666667,2025-12-01,スーパーバリュー,スタンダード
65220,生存,80.45801526717557,2026-05-01,アスタリスク,グロース
71150,生存,39.84028393966281,2026-05-01,アルファパーチェス,スタンダード
18700,生存,35.159235668789805,2026-05-01,矢作建設工業,プライム
44420,生存,-6.206896551724139,2026-05-01,バルテス・ホールディングス,グロース
45830,生存,-12.93103448275862,2026-05-01,カイオム・バイオサイエンス,グロース
45240,生存,0.9090909090909038,2026-05-01,森下仁丹,スタンダード
70210,生存,25.02923976608187,2026-05-01,ニッチツ,スタンダード
39030,生存,-13.513513513513509,2026-05-01,ｇｕｍｉ,プライム
47190,生存,16.566584245849512,2026-05-01,アルファシステムズ,プライム
64060,消滅,39.35230618253189,2026-03-02,フジテック,プライム
76090,生存,98.73417721518987,2026-05-01,ダイトロン,プライム
79120,生存,19.785555330770777,2026-05-01,大日本印刷,プライム
39410,生存,16.57957244655581,2026-05-01,レンゴー,プライム
31210,生存,-26.315789473684216,2026-05-01,マーチャント・バンカーズ,スタンダード
89310,生存,-3.0523255813953543,2026-05-01,和田興産,スタンダード
87660,生存,25.784713601702425,2026-05-01,東京海上ホールディングス,プライム
67890,消滅,0.3745318352059934,2024-09-02,ローランド　ディー．ジー．,プライム
80230,生存,13.341346153846146,2026-05-01,大興電子通信,スタンダード
21520,生存,12.296296296296294,2026-05-01,幼児活動研究会,スタンダード
85950,生存,17.476788640087392,2026-05-01,ジャフコ　グループ,プライム
31380,生存,65.07246376811595,2026-05-01,富士山マガジンサービス,グロース
42340,生存,40.42553191489362,2026-05-01,サンエー化研,スタンダード
66780,生存,17.029379760609366,2026-05-01,テクノメディカ,スタンダード
69770,生存,-0.09990009990009652,2026-05-01,日本抵抗器製作所,スタンダード
24150,生存,6.785469499657304,2026-05-01,ヒューマンホールディングス,スタンダード
81370,生存,40.12318521777387,2026-05-01,サンワテクノス,プライム
22670,生存,7.560975609756104,2026-05-01,ヤクルト本社,プライム
21480,生存,-15.313852813852813,2026-05-01,アイティメディア,プライム
72720,生存,-28.510498687664043,2026-05-01,ヤマハ発動機,プライム
67150,消滅,119.05172413793102,2025-06-02,ナカヨ,スタンダード
45070,生存,31.83293294558942,2026-05-01,塩野義製薬,プライム
21140,生存,19.6078431372549,2026-05-01,フジ日本精糖,スタンダード
49790,生存,82.44473342002601,2026-05-01,ＯＡＴアグリオ,スタンダード
31770,生存,13.104524180967235,2026-05-01,ありがとうサービス,スタンダード
64640,生存,-57.07006369426752,2026-05-01,ツバキ・ナカシマ,プライム
75390,生存,21.71206225680933,2026-05-01,アイナボホールディングス,スタンダード
18130,生存,18.560755013763263,2026-05-01,不動テトラ,プライム
26680,生存,6.322795341098164,2026-05-01,タビオ,スタンダード
21600,生存,38.91444342226311,2026-05-01,ジーエヌアイグループ,グロース
24610,生存,9.708737864077666,2026-05-01,ファンコミュニケーションズ,プライム
66940,生存,-38.55072463768116,2026-05-01,ズーム,スタンダード
72800,生存,2.5316455696202445,2026-05-01,ミツバ,プライム
31050,生存,83.05239179954442,2026-05-01,日清紡ホールディングス,プライム
45700,生存,169.98011928429423,2026-05-01,免疫生物研究所,グロース
60280,消滅,84.04558404558404,2025-12-01,テクノプロ・ホールディングス,プライム
65710,生存,21.512151215121513,2026-05-01,キュービーネットホールディングス,プライム
66520,生存,16.701607267645002,2026-05-01,ＩＤＥＣ,プライム
59980,生存,72.47879359095192,2026-05-01,アドバネクス,スタンダード
20090,生存,57.288629737609334,2026-05-01,鳥越製粉,スタンダード
14200,生存,-15.918367346938778,2026-05-01,サンヨーホームズ,スタンダード
62170,生存,307.5949367088608,2026-05-01,津田駒工業,スタンダード
19040,生存,23.543123543123535,2026-05-01,大成温調,スタンダード
98570,生存,22.046511627906984,2026-05-01,英和,スタンダード
39670,生存,-26.44110275689223,2026-05-01,エルテス,グロース
42380,生存,-16.187989556135772,2026-05-01,ミライアル,スタンダード
44850,消滅,94.57994579945799,2025-01-06,ＪＴＯＷＥＲ,グロース
45680,生存,-51.98201504863278,2026-05-01,第一三共,プライム
61940,生存,-4.5790251107828635,2026-05-01,アトラエ,プライム
54490,生存,1.450443190975026,2026-05-01,大阪製鐵,スタンダード
59750,生存,4.565602836879434,2026-05-01,東プレ,プライム
79360,生存,92.09664572086025,2026-05-01,アシックス,プライム
59710,生存,19.76935749588138,2026-05-01,共和工業所,スタンダード
69280,生存,133.5593220338983,2026-05-01,エノモト,プライム
94040,生存,39.46753853339562,2026-05-01,日本テレビホールディングス,プライム
58030,生存,1032.8262141603275,2026-05-01,フジクラ,プライム
17930,生存,44.29184549356222,2026-05-01,大本組,スタンダード
42200,生存,63.90532544378698,2026-05-01,リケンテクノス,プライム
54100,生存,-44.875717017208416,2026-05-01,合同製鐵,プライム
35970,生存,-22.230769230769234,2026-05-01,自重堂,スタンダード
42080,生存,-17.57061167908508,2026-05-01,ＵＢＥ,プライム
49010,生存,-20.10280633509308,2026-05-01,富士フイルムホールディングス,プライム
79060,生存,50.635838150289025,2026-05-01,ヨネックス,スタンダード
41700,生存,-30.508474576271183,2026-05-01,Ｋａｉｚｅｎ　Ｐｌａｔｆｏｒｍ,グロース
80510,生存,8.40989399293286,2026-05-01,山善,プライム
51940,生存,-23.387978142076506,2026-05-01,相模ゴム工業,スタンダード
39150,生存,-7.329842931937169,2026-05-01,テラスカイ,プライム
80850,生存,36.50793650793651,2026-05-01,ナラサキ産業,スタンダード
84390,生存,44.466666666666676,2026-05-01,東京センチュリー,プライム
90720,生存,227.83300198807157,2026-05-01,ニッコンホールディングス,プライム
71300,生存,23.347826086956513,2026-05-01,ヤマエグループホールディングス,プライム
60980,生存,-8.717757936507942,2026-05-01,リクルートホールディングス,プライム
38160,生存,-2.3668639053254448,2026-05-01,大和コンピューター,スタンダード
46410,生存,-2.0650005866478804,2026-05-01,アルプス技研,プライム
60580,生存,-3.503427265803505,2026-05-01,ベクトル,プライム
76140,生存,-2.0979020979020935,2026-05-01,オーエムツーネットワーク,スタンダード
78740,生存,-16.493194555644518,2026-05-01,レック,プライム
39550,生存,-19.627906976744182,2026-05-01,イムラ,スタンダード
14330,生存,7.008368200836812,2026-05-01,ベステラ,プライム
14910,生存,50.0,2026-05-01,中外鉱業,スタンダード
64020,生存,49.70059880239521,2026-05-01,兼松エンジニアリング,スタンダード
44910,生存,84.1626213592233,2026-05-01,コンピューターマネージメント,スタンダード
67850,生存,113.44827586206895,2026-05-01,鈴木,プライム
78090,生存,-28.563772775991424,2026-05-01,壽屋,スタンダード
21390,生存,-11.631944444444443,2026-05-01,中広,スタンダード
27080,生存,25.50554468362687,2026-05-01,久世,スタンダード
60780,生存,-4.6843177189409335,2026-05-01,バリューＨＲ,プライム
78200,生存,-12.319644839067701,2026-05-01,ニホンフラッシュ,プライム
96970,生存,12.752355316285335,2026-05-01,カプコン,プライム
41920,生存,-36.274509803921575,2026-05-01,スパイダープラス,グロース
22290,生存,-3.966189856957092,2026-05-01,カルビー,プライム
38540,生存,-10.157148332694522,2026-05-01,アイル,プライム
55800,生存,30.07915567282322,2026-05-01,プロディライト,グロース
39580,生存,-7.2268907563025175,2026-05-01,笹徳印刷,スタンダード
70140,生存,66.04785478547855,2026-05-01,名村造船所,スタンダード
82270,生存,29.56995663762583,2026-05-01,しまむら,プライム
92270,生存,-0.19436345966957758,2026-05-01,マイクロ波化学,グロース
40990,生存,143.86724386724387,2026-05-01,四国化成ホールディングス,プライム
23320,生存,29.88252569750367,2026-05-01,クエスト,スタンダード
93050,生存,44.44444444444444,2026-05-01,ヤマタネ,プライム
42950,消滅,179.44572748267896,2025-01-06,フェイス,スタンダード
49560,生存,16.858552631578938,2026-05-01,コニシ,プライム
26560,生存,45.9016393442623,2026-05-01,ベクターホールディングス,スタンダード
92380,生存,-45.25773195876288,2026-05-01,バリュークリエーション,グロース
34980,生存,-21.8863361547763,2026-05-01,霞ヶ関キャピタル,プライム
49780,生存,32.061068702290086,2026-05-01,リプロセル,グロース
92360,生存,-37.60173629951167,2026-05-01,ジャパンＭ＆Ａソリューション,グロース
18990,生存,47.63572679509631,2026-05-01,福田組,プライム
50190,生存,24.82915717539864,2026-05-01,出光興産,プライム
37440,生存,-21.592920353982304,2026-05-01,サイオス,スタンダード
60740,生存,8.13492063492063,2026-05-01,ジェイエスエス,スタンダード
40750,生存,32.052821128451384,2026-05-01,ブレインズテクノロジー,グロース
29800,生存,-11.192214111922139,2026-05-01,ＳＲＥホールディングス,プライム
78220,生存,-6.530612244897959,2026-05-01,永大産業,スタンダード
22160,生存,47.999498306785405,2026-05-01,カンロ,スタンダード
24710,生存,-26.46153846153846,2026-05-01,エスプール,プライム
35930,生存,67.75818639798487,2026-05-01,ホギメディカル,プライム
59210,生存,-2.558139534883719,2026-05-01,川岸工業,スタンダード
13840,生存,165.86345381526107,2026-05-01,ホクリヨウ,スタンダード
45780,生存,73.09472385066339,2026-05-01,大塚ホールディングス,プライム
40120,生存,7.37359550561798,2026-05-01,アクシス,スタンダード
65770,生存,-34.3087790110999,2026-05-01,ベストワンドットコム,グロース
49900,生存,15.610859728506776,2026-05-01,昭和化学工業,スタンダード
78130,生存,3.329223181257701,2026-05-01,プラッツ,グロース
79880,生存,20.518994114499733,2026-05-01,ニフコ,プライム
91190,生存,23.856707317073166,2026-05-01,飯野海運,プライム
28940,生存,8.116883116883123,2026-05-01,石井食品,スタンダード
61360,生存,64.27850655903129,2026-05-01,オーエスジー,プライム
79440,生存,0.4889975550122161,2026-05-01,ローランド,プライム
52140,生存,88.27309236947791,2026-05-01,日本電気硝子,プライム
46230,消滅,-5.433589462129529,2026-04-01,アサヒペン,スタンダード
72180,生存,0.0,2026-05-01,田中精密工業,スタンダード
18500,生存,29.268292682926834,2026-05-01,南海辰村建設,スタンダード
74420,生存,21.584699453551902,2026-05-01,中山福,スタンダード
92650,生存,33.47138554216868,2026-05-01,ヤマシタヘルスケアホールディングス,スタンダード
30350,生存,21.746031746031736,2026-05-01,ケイティケイ,スタンダード
39250,生存,-20.811287477954142,2026-05-01,ダブルスタンダード,プライム
62470,生存,55.44840887174543,2026-05-01,日阪製作所,プライム
40310,生存,13.404825737265424,2026-05-01,片倉コープアグリ,スタンダード
40540,生存,4.699248120300759,2026-05-01,日本情報クリエイト,グロース
97220,生存,60.841423948220076,2026-05-01,藤田観光,プライム
93640,生存,60.82442748091603,2026-05-01,上組,プライム
67720,生存,54.05742821473159,2026-05-01,東京コスモス電機,スタンダード
46660,生存,10.658973580321884,2026-05-01,パーク２４,プライム
27980,生存,5.469301340860966,2026-05-01,ワイズテーブルコーポレーション,スタンダード
92460,生存,-25.30120481927711,2026-05-01,プロジェクトホールディングス,グロース
51840,生存,3.010471204188492,2026-05-01,ニチリン,スタンダード
22210,生存,25.53858206032118,2026-05-01,岩塚製菓,スタンダード
98900,生存,21.443089430894304,2026-05-01,マキヤ,スタンダード
95330,生存,23.13843078460769,2026-05-01,東邦瓦斯,プライム
85080,生存,63.05418719211821,2026-05-01,Ｊトラスト,スタンダード
95020,生存,24.070175438596486,2026-05-01,中部電力,プライム
52480,生存,-29.288389513108616,2026-05-01,テクノロジーズ,グロース
89270,生存,24.72826086956521,2026-05-01,明豊エンタープライズ,スタンダード
19970,生存,104.45894507884721,2026-05-01,暁飯島工業,スタンダード
74430,生存,12.885662431941913,2026-05-01,横浜魚類,スタンダード
61670,生存,28.04097311139564,2026-05-01,冨士ダイス,プライム
46170,生存,60.840932117527856,2026-05-01,中国塗料,プライム
70640,生存,-31.004709576138147,2026-05-01,ハウテレビジョン,グロース
51050,生存,34.23056490171772,2026-05-01,ＴＯＹＯ　ＴＩＲＥ,プライム
40080,生存,16.046966731898248,2026-05-01,住友精化,プライム
66250,生存,-8.61244019138756,2026-05-01,ＪＡＬＣＯホールディングス,スタンダード
96840,生存,52.2375054459451,2026-05-01,スクウェア・エニックス・ホールディングス,プライム
89440,生存,-5.241935483870963,2026-05-01,ランドビジネス,スタンダード
36110,生存,31.339563862928355,2026-05-01,マツオカコーポレーション,スタンダード
70900,生存,-31.927272727272726,2026-05-01,リグア,グロース
35480,生存,-6.997455470737912,2026-05-01,バロックジャパンリミテッド,プライム
31370,生存,74.82993197278911,2026-05-01,ファンデリー,グロース
71830,生存,-20.90909090909091,2026-05-01,あんしん保証,スタンダード
62550,生存,-34.518647007805725,2026-05-01,エヌ・ピー・シー,グロース
77470,生存,46.24915521513855,2026-05-01,朝日インテック,プライム
79110,生存,24.754420432220048,2026-05-01,ＴＯＰＰＡＮホールディングス,プライム
31040,生存,151.99455146915741,2026-05-01,富士紡ホールディングス,プライム
55900,生存,5.33498759305211,2026-05-01,ネットスターズ,グロース
78360,生存,-5.434782608695654,2026-05-01,アビックス,スタンダード
76920,生存,-5.882352941176472,2026-05-01,アースインフィニティ,スタンダード
98230,生存,-1.6579406631762605,2026-05-01,マミーマート,スタンダード
19590,生存,47.72727272727273,2026-05-01,九電工,プライム
57410,生存,151.20728929384967,2026-05-01,ＵＡＣＪ,プライム
67980,生存,36.74868898749495,2026-05-01,ＳＭＫ,プライム
46240,生存,11.824817518248176,2026-05-01,イサム塗料,スタンダード
65240,生存,141.90064794816413,2026-05-01,湖北工業,スタンダード
94230,生存,-1.8867924528301883,2026-05-01,フォーバル・リアルストレート,スタンダード
62790,生存,-16.218809980806135,2026-05-01,瑞光,プライム
64930,生存,90.06410256410255,2026-05-01,ＮＩＴＴＡＮ,スタンダード
43040,消滅,48.13404417364813,2025-06-02,Ｅストアー,スタンダード
52160,生存,-62.926829268292686,2026-05-01,倉元製作所,スタンダード
38360,生存,-7.207890743550838,2026-05-01,アバントグループ,プライム
43230,生存,18.232385661310268,2026-05-01,日本システム技術,プライム
72970,生存,-9.684210526315784,2026-05-01,カーメイト,スタンダード
90330,生存,-15.18817204301075,2026-05-01,広島電鉄,スタンダード
40940,生存,57.219610476830084,2026-05-01,日本化学産業,スタンダード
94340,生存,14.776274713839754,2026-05-01,ソフトバンク,プライム
29750,生存,171.18927973199328,2026-05-01,スター・マイカ・ホールディングス,プライム
28040,生存,-8.257345491388046,2026-05-01,ブルドックソース,プライム
29070,生存,24.76547842401502,2026-05-01,あじかん,スタンダード
90580,消滅,65.58966074313408,2025-01-06,トランコム,プライム
76740,生存,-28.62690707350901,2026-05-01,ＮＡＴＴＹ　ＳＷＡＮＫＹホールディングス,グロース
62280,生存,-80.15898251192368,2026-05-01,ジェイ・イー・ティ,スタンダード
52590,消滅,31.282722513089013,2026-04-01,ＢＢＤイニシアティブ,グロース
82140,生存,20.360219263899772,2026-05-01,ＡＯＫＩホールディングス,プライム
95510,生存,71.94685743484925,2026-05-01,メタウォーター,プライム
40730,生存,-21.932515337423307,2026-05-01,ジィ・シィ企画,グロース
68370,生存,-30.361445783132535,2026-05-01,京写,スタンダード
69980,生存,48.652809853733636,2026-05-01,日本タングステン,スタンダード
40040,生存,309.71411901983663,2026-05-01,レゾナック・ホールディングス,プライム
27620,生存,-35.031847133757964,2026-05-01,ＳＡＮＫＯ　ＭＡＲＫＥＴＩＮＧ　ＦＯＯＤＳ,スタンダード
90280,生存,75.62533262373603,2026-05-01,ゼロ,スタンダード
89180,生存,42.85714285714286,2026-05-01,ランド,スタンダード
96910,生存,57.415078707539344,2026-05-01,両毛システムズ,スタンダード
45760,生存,2.2471910112359605,2026-05-01,デ・ウエスタン・セラピテクス研究所,グロース
91650,生存,-10.348977135980741,2026-05-01,クオルテック,グロース
47050,消滅,-7.224770642201839,2026-04-01,クリップコーポレーション,スタンダード
96000,消滅,1.985413290113458,2026-02-02,アイネット,プライム
43350,生存,3.0844155844155896,2026-05-01,アイ・ピー・エス,スタンダード
61930,生存,6.326304106548286,2026-05-01,バーチャレクス・ホールディングス,グロース
40690,生存,1.4655172413793105,2026-05-01,ＢｌｕｅＭｅｍｅ,グロース
90640,生存,-3.477780844603917,2026-05-01,ヤマトホールディングス,プライム
52420,生存,-47.04694598687531,2026-05-01,アイズ,グロース
45950,生存,1.2949640287769792,2026-05-01,ミズホメディー,スタンダード
18930,生存,168.4973302822273,2026-05-01,五洋建設,プライム
34690,生存,-22.187742435996892,2026-05-01,デュアルタップ,スタンダード
59460,生存,-10.36804308797128,2026-05-01,長府製作所,プライム
61580,生存,-2.655771195097034,2026-05-01,和井田製作所,スタンダード
44920,生存,-28.21316614420063,2026-05-01,ゼネテック,スタンダード
35660,生存,35.66666666666667,2026-05-01,ユニフォームネクスト,グロース
71630,消滅,55.50239234449761,2025-09-01,住信ＳＢＩネット銀行,スタンダード
65070,生存,315.3179190751446,2026-05-01,シンフォニアテクノロジー,プライム
75950,生存,27.57437070938216,2026-05-01,アルゴグラフィックス,プライム
97390,生存,-20.45454545454546,2026-05-01,ＮＳＷ,プライム
65460,生存,4.18521816562778,2026-05-01,フルテック,スタンダード
98780,生存,-33.149171270718234,2026-05-01,セキド,スタンダード
90030,生存,8.73425562667769,2026-05-01,相鉄ホールディングス,プライム
39080,生存,-0.917431192660545,2026-05-01,コラボス,グロース
35440,生存,2.336448598130847,2026-05-01,サツドラホールディングス,スタンダード
74560,生存,135.99859105318774,2026-05-01,松田産業,プライム
90460,生存,-13.84282624369142,2026-05-01,神戸電鉄,プライム
14290,生存,-21.452894438138483,2026-05-01,日本アクア,プライム
44520,生存,-16.173316173316177,2026-05-01,花王,プライム
68350,生存,167.3469387755102,2026-05-01,アライドテレシスホールディングス,スタンダード
74170,生存,27.832292595896526,2026-05-01,南陽,スタンダード
76460,生存,11.083437110834371,2026-05-01,ＰＬＡＮＴ,スタンダード
57110,生存,67.1602500822639,2026-05-01,三菱マテリアル,プライム
93410,生存,-60.93969144460027,2026-05-01,ＧＥＮＯＶＡ,グロース
90060,生存,32.39982766049116,2026-05-01,京浜急行電鉄,プライム
93990,生存,-21.34831460674158,2026-05-01,ビート・ホールディングス・リミテッド（貝徳控股有限公司）,スタンダード
45280,生存,3.1403118040089106,2026-05-01,小野薬品工業,プライム
29350,生存,-7.441471571906355,2026-05-01,ピックルスホールディングス,プライム
72560,生存,67.4757281553398,2026-05-01,河西工業,スタンダード
40470,生存,93.42403628117914,2026-05-01,関東電化工業,プライム
71200,生存,29.92700729927007,2026-05-01,ＳＨＩＮＫＯ,スタンダード
23210,生存,118.5185185185185,2026-05-01,ソフトフロントホールディングス,グロース
49140,生存,58.266666666666666,2026-05-01,高砂香料工業,プライム
83610,生存,202.40549828178695,2026-05-01,大垣共立銀行,プライム
58420,生存,-9.888751545117424,2026-05-01,インテグラル,グロース
55320,生存,215.95365418894832,2026-05-01,リアルゲイト,グロース
98420,生存,-8.762886597938147,2026-05-01,アークランズ,プライム
72150,生存,-32.25806451612904,2026-05-01,ファルテック,スタンダード
64810,生存,86.55705996131529,2026-05-01,ＴＨＫ,プライム
30450,生存,9.69924812030074,2026-05-01,カワサキ,スタンダード
93630,生存,27.040816326530614,2026-05-01,大運,スタンダード
53930,生存,95.45140415907521,2026-05-01,ニチアス,プライム
39300,生存,22.02462380300958,2026-05-01,はてな,グロース
83670,生存,104.46304044630406,2026-05-01,南都銀行,プライム
95520,生存,-83.20630749014455,2026-05-01,Ｍ＆Ａ総研ホールディングス,プライム
43370,生存,17.16171617161717,2026-05-01,ぴあ,プライム
42050,生存,29.248197734294546,2026-05-01,日本ゼオン,プライム
55350,生存,-18.993710691823896,2026-05-01,ミガロホールディングス,プライム
52370,生存,23.296703296703303,2026-05-01,ノザワ,スタンダード
69970,生存,55.301698886936144,2026-05-01,日本ケミコン,プライム
45630,生存,17.391304347826097,2026-05-01,アンジェス,グロース
61040,生存,17.927170868347343,2026-05-01,芝浦機械,プライム
99720,生存,1.845018450184499,2026-05-01,アルテック,スタンダード
33750,生存,8.555133079847899,2026-05-01,ＺＯＡ,スタンダード
70310,生存,-40.794223826714806,2026-05-01,インバウンドテック,グロース
92730,生存,20.056100981767177,2026-05-01,コーア商事ホールディングス,プライム
78500,生存,-11.340206185567014,2026-05-01,総合商研,スタンダード
166A0,生存,38.52889667250439,2026-05-01,タスキホールディングス,グロース
46130,生存,-12.90684624017957,2026-05-01,関西ペイント,プライム
52080,生存,49.40944881889764,2026-05-01,有沢製作所,プライム
62860,生存,117.24137931034484,2026-05-01,靜甲,スタンダード
70430,生存,17.861635220125784,2026-05-01,アルー,グロース
29180,生存,17.59656652360515,2026-05-01,わらべや日洋ホールディングス,プライム
63600,生存,37.362637362637365,2026-05-01,東京自働機械製作所,スタンダード
27910,生存,-41.716328963051254,2026-05-01,大黒天物産,プライム
36900,生存,-10.578512396694217,2026-05-01,イルグルム,グロース
54080,生存,-35.78174186778595,2026-05-01,中山製鋼所,プライム
79950,生存,55.95075239398084,2026-05-01,バルカー,プライム
63360,生存,71.23893805309736,2026-05-01,石井表記,スタンダード
47090,生存,44.1958041958042,2026-05-01,ＩＤホールディングス,プライム
64550,生存,36.796536796536806,2026-05-01,モリタホールディングス,プライム
17230,生存,260.14336917562724,2026-05-01,日本電技,スタンダード
29910,生存,101.19382022471908,2026-05-01,ランドネット,スタンダード
53810,生存,120.27027027027026,2026-05-01,Ｍｉｐｏｘ,スタンダード
35360,生存,-1.5151515151515138,2026-05-01,アクサスホールディングス,スタンダード
40160,生存,31.21468926553672,2026-05-01,ＭＩＴホールディングス,スタンダード
62450,生存,-4.509283819628651,2026-05-01,ヒラノテクシード,スタンダード
90670,生存,134.91271820448878,2026-05-01,丸運,スタンダード
79390,生存,9.677419354838701,2026-05-01,研創,スタンダード
21810,生存,1.8380743982494563,2026-05-01,パーソルホールディングス,プライム
49580,生存,-6.5802269043760075,2026-05-01,長谷川香料,プライム
66560,生存,-23.483146067415728,2026-05-01,インスペック,スタンダード
74260,生存,-69.74738139248305,2026-05-01,山大,スタンダード
69290,生存,38.09707241910631,2026-05-01,日本セラミック,プライム
61470,生存,-31.8407960199005,2026-05-01,ヤマザキ,スタンダード
72140,生存,-30.408921933085498,2026-05-01,ＧＭＢ,スタンダード
23450,生存,-22.17573221757322,2026-05-01,クシム,スタンダード
77430,生存,-5.623901581722324,2026-05-01,シード,プライム
67060,生存,56.71992481203007,2026-05-01,電気興業,プライム
52460,生存,-30.415754923413562,2026-05-01,ＥＬＥＭＥＮＴＳ,グロース
70880,生存,99.64747356051704,2026-05-01,フォーラムエンジニアリング,プライム
23000,生存,-1.3779527559055094,2026-05-01,きょくとう,スタンダード
68480,生存,0.34924330616996624,2026-05-01,東亜ディーケーケー,スタンダード
79750,生存,-6.553398058252425,2026-05-01,リヒトラブ,スタンダード
71620,生存,28.44827586206897,2026-05-01,アストマックス,スタンダード
30670,生存,-12.45136186770428,2026-05-01,東京一番フーズ,スタンダード
77150,生存,-1.4308426073131986,2026-05-01,長野計器,プライム
76240,生存,-9.459459459459463,2026-05-01,ＮａＩＴＯ,スタンダード
49740,生存,10.348162475822043,2026-05-01,タカラバイオ,プライム
38910,生存,191.09099571224394,2026-05-01,ニッポン高度紙工業,スタンダード
65740,生存,562.3376623376623,2026-05-01,コンヴァノ,グロース
30760,生存,7.789046653144016,2026-05-01,あい　ホールディングス,プライム
45960,生存,32.857142857142854,2026-05-01,窪田製薬ホールディングス,グロース
90810,生存,7.881773399014769,2026-05-01,神奈川中央交通,プライム
70820,生存,47.20252167060677,2026-05-01,ジモティー,グロース
74900,生存,40.22222222222223,2026-05-01,日新商事,スタンダード
34350,生存,5.1464766429137,2026-05-01,サンコーテクノ,スタンダード
47070,生存,-20.68965517241379,2026-05-01,キタック,スタンダード
143A0,生存,-34.56464379947229,2026-05-01,イシン,グロース
57420,生存,4.0000000000000036,2026-05-01,エヌアイシ・オートテック,スタンダード
61650,生存,2.127659574468077,2026-05-01,パンチ工業,スタンダード
79790,生存,-14.396887159533078,2026-05-01,松風,プライム
73420,消滅,65.84116140051239,2025-03-03,ウェルスナビ,グロース
41090,生存,28.4037558685446,2026-05-01,ステラ　ケミファ,プライム
21830,生存,-37.56345177664975,2026-05-01,リニカル,スタンダード
67750,生存,-30.16759776536313,2026-05-01,ＴＢグループ,スタンダード
36250,生存,10.32608695652173,2026-05-01,テックファームホールディングス,グロース
39370,生存,-19.589392643284864,2026-05-01,Ｕｂｉｃｏｍホールディングス,プライム
40110,生存,-66.7764705882353,2026-05-01,ヘッドウォータース,グロース
23540,生存,31.478770131771604,2026-05-01,ＹＥ　ＤＩＧＩＴＡＬ,スタンダード
46510,生存,-16.014234875444842,2026-05-01,サニックス,スタンダード
60860,生存,53.78900445765231,2026-05-01,シンメンテホールディングス,グロース
63650,生存,52.796725784447474,2026-05-01,電業社機械製作所,スタンダード
95530,生存,69.76744186046511,2026-05-01,マイクロアド,グロース
30960,生存,53.87596899224807,2026-05-01,オーシャンシステム,スタンダード
21240,生存,24.96328928046989,2026-05-01,ジェイエイシーリクルートメント,プライム
43730,生存,34.15877640203932,2026-05-01,シンプレクス・ホールディングス,プライム
24690,生存,34.698275862068975,2026-05-01,ヒビノ,スタンダード
52170,消滅,-10.243902439024389,2024-09-02,テクノクオーツ,スタンダード
97910,生存,41.53005464480874,2026-05-01,ビケンテクノ,スタンダード
93060,生存,40.71093226022804,2026-05-01,東陽倉庫,スタンダード
41780,生存,-34.27518427518428,2026-05-01,Ｓｈａｒｉｎｇ　Ｉｎｎｏｖａｔｉｏｎｓ,グロース
92570,生存,25.0,2026-05-01,ＹＣＰホールディングス（グローバル）リミテッド,グロース
88810,生存,32.50950570342206,2026-05-01,日神グループホールディングス,プライム
27430,消滅,-97.82608695652173,2026-01-05,ピクセルカンパニーズ,スタンダード
60340,生存,-11.62464985994398,2026-05-01,ＭＲＴ,グロース
88860,消滅,49.00260190806591,2025-07-01,ウッドフレンズ,スタンダード
98300,生存,-13.629096722621902,2026-05-01,トラスコ中山,プライム
93400,生存,35.98409542743539,2026-05-01,アソインターナショナル,スタンダード
36810,生存,-84.39999999999999,2026-05-01,ブイキューブ,プライム
44460,生存,11.700468018720755,2026-05-01,Ｌｉｎｋ−Ｕグループ,プライム
93380,生存,27.824858757062152,2026-05-01,ＩＮＦＯＲＩＣＨ,グロース
97150,生存,10.334788937409023,2026-05-01,トランス・コスモス,プライム
39910,生存,-16.82769726247987,2026-05-01,ウォンテッドリー,グロース
23350,生存,-9.009009009009006,2026-05-01,キューブシステム,プライム
68100,生存,13.854047890535925,2026-05-01,マクセル,プライム
39110,生存,-18.80733944954128,2026-05-01,Ａｉｍｉｎｇ,グロース
48290,生存,-15.267175572519086,2026-05-01,日本エンタープライズ,スタンダード
79710,生存,61.209068010075576,2026-05-01,東リ,スタンダード
75210,生存,56.0799555802332,2026-05-01,ムサシ,スタンダード
93760,生存,69.66067864271457,2026-05-01,ユーラシア旅行社,スタンダード
49750,生存,79.53615279672579,2026-05-01,ＪＣＵ,プライム
40580,生存,25.52901023890786,2026-05-01,トヨクモ,グロース
41160,生存,28.040057224606585,2026-05-01,大日精化工業,プライム
53520,消滅,31.54574132492114,2026-03-02,黒崎播磨,プライム
79580,消滅,40.1098901098901,2025-08-01,天馬,プライム
59590,生存,14.376590330788797,2026-05-01,岡部,プライム
31990,生存,-12.879256965944275,2026-05-01,綿半ホールディングス,プライム
51360,生存,-3.1702274293590627,2026-05-01,ｔｒｉｐｌａ,グロース
64120,生存,-10.996055226824453,2026-05-01,平和,プライム
81290,生存,7.163958641063517,2026-05-01,東邦ホールディングス,プライム
40210,生存,46.10389610389611,2026-05-01,日産化学,プライム
142A0,生存,-53.400000000000006,2026-05-01,ジンジブ,グロース
98370,生存,29.822161422708614,2026-05-01,モリト,プライム
22120,生存,-5.889178996228606,2026-05-01,山崎製パン,プライム
37960,生存,3.2846715328467058,2026-05-01,いい生活,スタンダード
80300,生存,27.655986509274875,2026-05-01,中央魚類,スタンダード
19720,生存,37.032967032967036,2026-05-01,三晃金属工業,スタンダード
45260,生存,6.130268199233724,2026-05-01,理研ビタミン,プライム
97080,生存,39.48896631823462,2026-05-01,帝国ホテル,スタンダード
48190,生存,3.3333333333333437,2026-05-01,デジタルガレージ,プライム
44370,生存,76.38266068759343,2026-05-01,ｇｏｏｄｄａｙｓホールディングス,グロース
18030,生存,245.1215297776754,2026-05-01,清水建設,プライム
75810,生存,-3.62595419847328,2026-05-01,サイゼリヤ,プライム
40190,生存,20.795660036166375,2026-05-01,スタメン,グロース
62370,生存,4.237947122861585,2026-05-01,イワキ,プライム
39970,生存,398.0793854033291,2026-05-01,トレードワークス,スタンダード
99890,生存,-6.4147190452511165,2026-05-01,サンドラッグ,プライム
149A0,生存,-15.122470713525027,2026-05-01,シンカ,グロース
93020,生存,166.8625709013873,2026-05-01,三井倉庫ホールディングス,プライム
33500,生存,598.9247311827957,2026-05-01,メタプラネット,スタンダード
70920,消滅,81.46687697160884,2026-04-01,Ｆａｓｔ　Ｆｉｔｎｅｓｓ　Ｊａｐａｎ,プライム
61030,生存,30.846568556025055,2026-05-01,オークマ,プライム
74630,生存,-4.914744232698098,2026-05-01,アドヴァングループ,スタンダード
37980,生存,20.440636474908192,2026-05-01,ＵＬＳグループ,スタンダード
35620,生存,61.13886113886113,2026-05-01,Ｎｏ．１,スタンダード
61860,生存,-33.3922261484099,2026-05-01,一蔵,スタンダード
75140,生存,-6.695938529088918,2026-05-01,ヒマラヤ,スタンダード
94345,生存,-3.9096217314039117,2026-05-01,ソフトバンク（優先株式）,プライム
67970,生存,22.861430715357688,2026-05-01,名古屋電機工業,スタンダード
39790,生存,-15.403422982885084,2026-05-01,うるる,グロース
56950,生存,7.531562908141054,2026-05-01,パウダーテック,スタンダード
68970,生存,-19.348268839103866,2026-05-01,ツインバード,スタンダード
49680,生存,12.186379928315416,2026-05-01,荒川化学工業,プライム
27470,生存,-0.9630818619582704,2026-05-01,北雄ラッキー,スタンダード
22010,生存,5.883514313919047,2026-05-01,森永製菓,プライム
22170,生存,0.2921791125908735,2026-05-01,モロゾフ,プライム
38020,生存,5.869074492099324,2026-05-01,エコミック,スタンダード
45430,生存,-25.783582089552237,2026-05-01,テルモ,プライム
70770,生存,-3.0067895247332665,2026-05-01,ＡＬｉＮＫインターネット,グロース
61410,生存,-33.333333333333336,2026-05-01,ＤＭＧ森精機,プライム
86990,生存,24.356223175965663,2026-05-01,ＨＳホールディングス,スタンダード
97610,生存,29.586129753914992,2026-05-01,東海リース,スタンダード
96270,生存,-4.1332194705379965,2026-05-01,アインホールディングス,プライム
44140,生存,-55.23232323232323,2026-05-01,フレクト,グロース
99740,生存,-5.706521739130432,2026-05-01,ベルク,プライム
37780,生存,-40.715667311412,2026-05-01,さくらインターネット,プライム
40980,生存,3.9331366764995046,2026-05-01,チタン工業,スタンダード
87980,生存,-82.69419862340216,2026-05-01,アドバンスクリエイト,プライム
24790,生存,-8.880308880308885,2026-05-01,ジェイテック,グロース
18470,生存,111.11539945966808,2026-05-01,イチケン,スタンダード
27520,生存,-27.96052631578947,2026-05-01,フジオフードグループ本社,プライム
39330,生存,20.07168458781361,2026-05-01,チエル,スタンダード
74140,生存,-11.907730673316708,2026-05-01,小野建,プライム
79510,生存,-6.292229729729726,2026-05-01,ヤマハ,プライム
92350,生存,-54.3424317617866,2026-05-01,売れるネット広告社,グロース
30690,生存,4.938271604938271,2026-05-01,ＪＦＬＡホールディングス,スタンダード
74860,生存,5.772005772005762,2026-05-01,サンリン,スタンダード
60830,生存,78.94056847545218,2026-05-01,ＥＲＩホールディングス,スタンダード
46890,生存,11.919999999999998,2026-05-01,ＬＩＮＥヤフー,プライム
62490,生存,3.3428454953118525,2026-05-01,ゲームカード・ジョイコホールディングス,スタンダード
64330,生存,508.130081300813,2026-05-01,ヒーハイスト,スタンダード
74120,生存,-8.13464235624124,2026-05-01,アトム,スタンダード
98820,生存,45.71843251088534,2026-05-01,イエローハット,プライム
89350,生存,20.46925566343043,2026-05-01,ＦＪネクストホールディングス,プライム
99800,生存,-12.5,2026-05-01,ＭＲＫホールディングス,スタンダード
44980,生存,32.18982275586049,2026-05-01,サイバートラスト,グロース
47760,生存,20.346820809248545,2026-05-01,サイボウズ,プライム
57260,生存,-14.199192462987886,2026-05-01,大阪チタニウムテクノロジーズ,プライム
90740,生存,68.43853820598007,2026-05-01,日本石油輸送,スタンダード
63710,生存,19.53799764910309,2026-05-01,椿本チエイン,プライム
44190,生存,32.62661955241462,2026-05-01,Ｆｉｎａｔｅｘｔホールディングス,グロース
85150,消滅,27.52525252525253,2026-03-02,アイフル,プライム
50710,生存,31.705069124423968,2026-05-01,ヴィス,スタンダード
24750,生存,-13.313953488372087,2026-05-01,ＷＤＢホールディングス,プライム
73660,生存,-28.407720144752712,2026-05-01,ＬＩＴＡＬＩＣＯ,プライム
68140,生存,248.9065606361829,2026-05-01,古野電気,プライム
34950,生存,63.26530612244898,2026-05-01,香陵住販,スタンダード
40400,生存,-8.656716417910449,2026-05-01,南海化学,スタンダード
34070,生存,47.01060752169721,2026-05-01,旭化成,プライム
43780,生存,-31.09756097560976,2026-05-01,ＣＩＮＣ,グロース
21730,生存,88.48484848484847,2026-05-01,博展,グロース
21580,生存,34.98293515358362,2026-05-01,ＦＲＯＮＴＥＯ,グロース
80290,生存,-7.700534759358291,2026-05-01,ルックホールディングス,スタンダード
44630,生存,73.63138686131387,2026-05-01,日華化学,スタンダード
99690,生存,-8.235294117647063,2026-05-01,ショクブン,スタンダード
18260,生存,33.2070707070707,2026-05-01,佐田建設,スタンダード
41680,生存,3.6710719530102853,2026-05-01,ヤプリ,グロース
21790,生存,-3.7084398976982125,2026-05-01,成学社,スタンダード
30830,生存,60.222531293463135,2026-05-01,シーズメン,スタンダード
45400,生存,-9.408535063638634,2026-05-01,ツムラ,プライム
33020,生存,15.687919463087251,2026-05-01,帝国繊維,プライム
68670,生存,-29.122807017543863,2026-05-01,リーダー電子,スタンダード
32800,生存,34.30962343096233,2026-05-01,エストラスト,スタンダード
58680,生存,12.869198312236296,2026-05-01,ロココ,スタンダード
95080,生存,-3.3653846153846145,2026-05-01,九州電力,プライム
23050,生存,-11.974584555229717,2026-05-01,スタジオアリス,プライム
72110,生存,-31.404024417815968,2026-05-01,三菱自動車工業,プライム
45710,生存,-20.114942528735636,2026-05-01,ＮＡＮＯ　ＭＲＮＡ,グロース
72670,生存,-28.490512602662132,2026-05-01,本田技研工業,プライム
78400,生存,6.621961441743496,2026-05-01,フランスベッドホールディングス,プライム
38770,生存,24.437299035369776,2026-05-01,中越パルプ工業,プライム
95390,生存,46.44126197911058,2026-05-01,京葉瓦斯,スタンダード
22110,生存,-3.6682615629984094,2026-05-01,不二家,プライム
91600,生存,3.691275167785224,2026-05-01,ノバレーゼ,スタンダード
60590,生存,2.898550724637672,2026-05-01,ウチヤマホールディングス,スタンダード
74270,生存,-31.94988253719655,2026-05-01,エコートレーディング,スタンダード
21500,消滅,114.34034416826005,2025-12-01,ケアネット,プライム
43910,生存,-20.28985507246377,2026-05-01,ロジザード,グロース
21930,生存,-23.33333333333333,2026-05-01,クックパッド,スタンダード
22910,生存,-60.26170798898072,2026-05-01,福留ハム,スタンダード
62380,生存,20.98765432098766,2026-05-01,フリュー,プライム
29100,生存,-14.656895403064619,2026-05-01,ロック・フィールド,プライム
77740,生存,-19.622093023255815,2026-05-01,ジャパン・ティッシュエンジニアリング,グロース
79020,生存,41.342756183745585,2026-05-01,ソノコム,スタンダード
17120,消滅,83.44965104685942,2025-12-01,ダイセキ環境ソリューション,スタンダード
59400,生存,-7.613636363636367,2026-05-01,不二サッシ,スタンダード
40520,生存,-58.60058309037901,2026-05-01,フィーチャ,グロース
23170,生存,45.83333333333333,2026-05-01,システナ,プライム
51290,生存,-71.09609609609609,2026-05-01,ＦＩＸＥＲ,グロース
14310,生存,-10.096818810511754,2026-05-01,Ｌｉｂ　Ｗｏｒｋ,グロース
43080,生存,-4.278074866310155,2026-05-01,Ｊストリーム,グロース
52900,生存,107.4684239428885,2026-05-01,ベルテクスコーポレーション,スタンダード
55890,生存,35.1010101010101,2026-05-01,オートサーバー,スタンダード
81180,生存,57.95620437956204,2026-05-01,キング,スタンダード
81330,生存,24.888321633694964,2026-05-01,伊藤忠エネクス,プライム
49290,生存,-13.356562137049943,2026-05-01,アジュバンホールディングス,スタンダード
82190,生存,52.19474793942878,2026-05-01,青山商事,プライム
38370,生存,80.7644882860666,2026-05-01,アドソル日進,プライム
42550,生存,318.05555555555554,2026-05-01,ＴＨＥＣＯＯ,グロース
59380,生存,-3.7358818418766315,2026-05-01,ＬＩＸＩＬ,プライム
43930,生存,15.540540540540547,2026-05-01,バンク・オブ・イノベーション,グロース
59520,生存,30.76923076923077,2026-05-01,アマテイ,スタンダード
33490,生存,-1.6267942583732098,2026-05-01,コスモス薬品,プライム
59390,消滅,-22.173913043478265,2026-04-01,大谷工業,スタンダード
77340,生存,-15.86901763224181,2026-05-01,理研計器,プライム
78980,生存,5.324813631522907,2026-05-01,ウッドワン,スタンダード
68560,生存,69.1164972634871,2026-05-01,堀場製作所,プライム
71860,生存,51.3439218081857,2026-05-01,コンコルディア・フィナンシャルグループ,プライム
76250,生存,21.48148148148148,2026-05-01,グローバルダイニング,スタンダード
47430,生存,23.237410071942442,2026-05-01,アイティフォー,プライム
67070,生存,58.0729592671356,2026-05-01,サンケン電気,プライム
29110,生存,-1.103752759381893,2026-05-01,旭松食品,スタンダード
74340,生存,4.661487236404005,2026-05-01,オータケ,スタンダード
80320,生存,79.37806873977087,2026-05-01,日本紙パルプ商事,プライム
72840,生存,30.6930693069307,2026-05-01,盟和産業,スタンダード
62260,生存,195.77464788732394,2026-05-01,守谷輸送機工業,スタンダード
17860,生存,5.307262569832405,2026-05-01,オリエンタル白石,プライム
45480,生存,-11.904761904761907,2026-05-01,生化学工業,プライム
64940,生存,16.666666666666675,2026-05-01,ＮＦＫホールディングス,スタンダード
92670,生存,26.846846846846837,2026-05-01,Ｇｅｎｋｙ　ＤｒｕｇＳｔｏｒｅｓ,プライム
96030,生存,-37.28018757327081,2026-05-01,エイチ・アイ・エス,プライム
42290,生存,62.111801242236034,2026-05-01,群栄化学工業,プライム
50200,生存,61.646341463414636,2026-05-01,ＥＮＥＯＳホールディングス,プライム
51920,生存,-9.578107183580386,2026-05-01,三ツ星ベルト,プライム
34150,生存,34.323432343234316,2026-05-01,ＴＯＫＹＯ　ＢＡＳＥ,プライム
80700,生存,35.626911314984696,2026-05-01,東京産業,プライム
93770,消滅,81.50765606595995,2025-09-01,エージーピー,スタンダード
38920,生存,18.008474576271194,2026-05-01,岡山製紙,スタンダード
88890,消滅,47.95918367346938,2024-10-01,ＡＰＡＭＡＮ,スタンダード
39830,生存,-25.16981132075472,2026-05-01,オロ,プライム
39390,生存,6.640625,2026-05-01,カナミックネットワーク,プライム
95190,生存,8.179162609542345,2026-05-01,レノバ,プライム
36000,生存,-2.163742690058479,2026-05-01,フジックス,スタンダード
18050,消滅,-1.8218623481781382,2024-09-02,飛島建設,プライム
62780,生存,173.09027777777777,2026-05-01,ユニオンツール,プライム
24590,生存,-6.04651162790698,2026-05-01,アウンコンサルティング,スタンダード
63830,生存,141.4751469802245,2026-05-01,ダイフク,プライム
36610,生存,15.390686661404885,2026-05-01,エムアップホールディングス,プライム
18150,生存,89.02905198776759,2026-05-01,鉄建建設,プライム
30880,生存,4.933242815116534,2026-05-01,マツキヨココカラ＆カンパニー,プライム
94130,生存,25.59618441971383,2026-05-01,テレビ東京ホールディングス,プライム
93810,生存,22.45692051139523,2026-05-01,エーアイテイー,プライム
67790,生存,70.41366906474819,2026-05-01,日本電波工業,プライム
71290,生存,8.778625954198471,2026-05-01,ミアヘルサホールディングス,スタンダード
37530,生存,-45.95588235294118,2026-05-01,フライトソリューションズ,スタンダード
44500,生存,46.26391096979332,2026-05-01,パワーソリューションズ,グロース
81940,生存,26.349206349206344,2026-05-01,ライフコーポレーション,プライム
98880,生存,-35.617673579801625,2026-05-01,ＵＥＸ,スタンダード
30630,生存,26.718749999999993,2026-05-01,ジェイグループホールディングス,グロース
90240,生存,65.27358897027145,2026-05-01,西武ホールディングス,プライム
29300,生存,-25.568181818181824,2026-05-01,北の達人コーポレーション,プライム
71220,生存,18.050541516245477,2026-05-01,近畿車輛,スタンダード
27680,生存,50.41122399612965,2026-05-01,双日,プライム
36520,生存,22.86758732737613,2026-05-01,ディジタルメディアプロフェッショナル,グロース
33580,生存,19.331742243436768,2026-05-01,ワイエスフード,スタンダード
66700,生存,57.39005046863734,2026-05-01,ＭＣＪ,スタンダード
42030,生存,28.31837505904582,2026-05-01,住友ベークライト,プライム
73500,生存,104.91202346041058,2026-05-01,おきなわフィナンシャルグループ,プライム
33220,消滅,42.60450160771705,2025-02-03,アルファグループ,スタンダード
36460,生存,-25.339366515837103,2026-05-01,駅探,グロース
78680,生存,1.8425460636515956,2026-05-01,広済堂ホールディングス,プライム
33530,生存,6.802721088435382,2026-05-01,メディカル一光グループ,スタンダード
80660,生存,87.08771929824562,2026-05-01,三谷商事,スタンダード
63780,生存,87.80841799709724,2026-05-01,木村化工機,スタンダード
32410,生存,30.237580993520517,2026-05-01,ウィル,スタンダード
29010,生存,15.757575757575747,2026-05-01,石垣食品,スタンダード
86970,生存,-0.8519701810436597,2026-05-01,日本取引所グループ,プライム
35800,生存,0.5434782608695565,2026-05-01,小松マテーレ,プライム
70650,生存,-28.72648335745297,2026-05-01,ユーピーアール,スタンダード
72010,生存,-38.40885142255005,2026-05-01,日産自動車,プライム
40130,生存,68.67469879518073,2026-05-01,勤次郎,グロース
87040,生存,65.3958944281525,2026-05-01,トレイダーズホールディングス,スタンダード
91590,生存,-26.72910662824207,2026-05-01,Ｗ　ＴＯＫＹＯ,グロース
23840,生存,67.93282686925231,2026-05-01,ＳＢＳホールディングス,プライム
37080,生存,35.29958590382829,2026-05-01,特種東海製紙,プライム
95090,生存,-35.17017828200972,2026-05-01,北海道電力,プライム
23930,生存,19.00428265524625,2026-05-01,日本ケアサプライ,スタンダード
56970,生存,29.50495049504951,2026-05-01,サンユウ,スタンダード
93370,生存,-5.253837072018886,2026-05-01,トリドリ,グロース
34820,生存,3.1782206936559865,2026-05-01,ロードスターキャピタル,プライム
41830,生存,-20.339693856154327,2026-05-01,三井化学,プライム
69190,生存,-17.981438515081205,2026-05-01,ケル,スタンダード
38420,生存,32.611637347767264,2026-05-01,ネクストジェン,グロース
59660,生存,-10.598911070780403,2026-05-01,京都機械工具,スタンダード
89400,消滅,78.98550724637681,2025-11-04,インテリックス,スタンダード
53100,生存,-9.02366863905325,2026-05-01,東洋炭素,プライム
75750,生存,23.462214411247807,2026-05-01,日本ライフライン,プライム
45300,生存,60.38236856080723,2026-05-01,久光製薬,プライム
80780,生存,23.22775263951735,2026-05-01,阪和興業,プライム
39840,生存,-23.45924453280318,2026-05-01,ユーザーローカル,プライム
96190,生存,28.298507462686562,2026-05-01,イチネンホールディングス,プライム
53510,生存,-4.629168740667,2026-05-01,品川リフラクトリーズ,プライム
58890,生存,6.044740599714427,2026-05-01,Ｊａｐａｎ　Ｅｙｅｗｅａｒ　Ｈｏｌｄｉｎｇｓ,スタンダード
79310,生存,-25.72851805728518,2026-05-01,未来工業,プライム
91010,生存,9.962883375659315,2026-05-01,日本郵船,プライム
41940,生存,-5.000000000000004,2026-05-01,ビジョナル,プライム
80860,生存,21.97217675941081,2026-05-01,ニプロ,プライム
92020,生存,-9.833610648918468,2026-05-01,ＡＮＡホールディングス,プライム
83600,生存,154.48536355051937,2026-05-01,山梨中央銀行,プライム
31110,生存,-41.71597633136095,2026-05-01,オーミケンシ,スタンダード
24180,生存,29.14893617021277,2026-05-01,ツカダ・グローバルホールディング,スタンダード
32640,消滅,88.32116788321167,2025-04-01,アスコット,スタンダード
36620,生存,48.13153961136023,2026-05-01,エイチーム,プライム
41890,生存,21.658579620644012,2026-05-01,ＫＨネオケム,プライム
55750,生存,-49.535382416011444,2026-05-01,Ｇｌｏｂｅｅ,グロース
58570,生存,69.81589147286822,2026-05-01,ＡＲＥホールディングス,プライム
63690,生存,41.26126126126126,2026-05-01,トーヨーカネツ,プライム
23110,生存,0.6105006105006083,2026-05-01,エプコ,スタンダード
80350,生存,38.70213387898276,2026-05-01,東京エレクトロン,プライム
86090,生存,11.86650185414091,2026-05-01,岡三証券グループ,プライム
49960,生存,-2.0618556701030966,2026-05-01,クミアイ化学工業,プライム
75930,生存,-3.2258064516129004,2026-05-01,ＶＴホールディングス,プライム
68070,生存,-3.0142566191446063,2026-05-01,日本航空電子工業,プライム
19450,生存,36.78571428571429,2026-05-01,東京エネシス,プライム
38230,生存,4.878048780487809,2026-05-01,ＴＨＥ　ＷＨＹ　ＨＯＷ　ＤＯ　ＣＯＭＰＡＮＹ,スタンダード
34330,生存,59.17220235053653,2026-05-01,トーカロ,プライム
71330,生存,-38.52739726027398,2026-05-01,ＨＹＵＧＡ　ＰＲＩＭＡＲＹ　ＣＡＲＥ,グロース
86280,生存,12.360939431396778,2026-05-01,松井証券,プライム
65330,生存,-18.983320095313736,2026-05-01,Ｏｒｃｈｅｓｔｒａ　Ｈｏｌｄｉｎｇｓ,プライム
72550,生存,-14.563106796116509,2026-05-01,桜井製作所,スタンダード
45860,生存,-49.685534591194966,2026-05-01,メドレックス,グロース
81150,生存,76.69441141498217,2026-05-01,ムーンバット,スタンダード
31820,生存,13.728675873273755,2026-05-01,オイシックス・ラ・大地,プライム
43920,生存,3.915662650602414,2026-05-01,ＦＩＧ,プライム
36240,生存,-55.93220338983051,2026-05-01,アクセルマーク,グロース
59580,生存,33.28197226502312,2026-05-01,三洋工業,スタンダード
36490,生存,-21.378621378621375,2026-05-01,ファインデックス,プライム
93660,生存,2.759381898454749,2026-05-01,サンリツ,スタンダード
130A0,生存,-57.65765765765766,2026-05-01,Ｖｅｒｉｔａｓ　Ｉｎ　Ｓｉｌｉｃｏ,グロース
23950,生存,1.7316017316017396,2026-05-01,新日本科学,プライム
37910,生存,28.115942028985508,2026-05-01,ＩＧポート,スタンダード
39960,生存,-67.4772036474164,2026-05-01,サインポスト,スタンダード
26690,生存,14.176829268292689,2026-05-01,カネ美食品,スタンダード
93310,生存,-44.9648711943794,2026-05-01,キャスター,グロース
59180,生存,-13.440197287299627,2026-05-01,瀧上工業,スタンダード
88020,生存,64.96048174633044,2026-05-01,三菱地所,プライム
97060,生存,-9.433279015028063,2026-05-01,日本空港ビルデング,プライム
25860,生存,178.9473684210526,2026-05-01,フルッタフルッタ,グロース
18850,生存,185.0609756097561,2026-05-01,東亜建設工業,プライム
49270,生存,-6.531204644412192,2026-05-01,ポーラ・オルビスホールディングス,プライム
47610,生存,-31.289640591966172,2026-05-01,さくらケーシーエス,スタンダード
61840,生存,-14.936247723132967,2026-05-01,鎌倉新書,プライム
155A0,生存,45.9016393442623,2026-05-01,情報戦略テクノロジー,グロース
39610,消滅,-21.377183967112025,2026-03-02,シルバーエッグ・テクノロジー,グロース
80880,生存,-20.36951887305104,2026-05-01,岩谷産業,プライム
35980,生存,-1.2121212121212088,2026-05-01,山喜,スタンダード
28060,生存,18.004459308807142,2026-05-01,ユタカフーズ,スタンダード
73560,生存,-12.962962962962965,2026-05-01,Ｒｅｔｔｙ,グロース
81190,生存,29.593495934959346,2026-05-01,三栄コーポレーション,スタンダード
23010,生存,-9.215017064846421,2026-05-01,学情,プライム
27330,生存,-16.388467374810322,2026-05-01,あらた,プライム
40630,生存,19.334789181925082,2026-05-01,信越化学工業,プライム
82520,生存,28.347639484978536,2026-05-01,丸井グループ,プライム
62350,生存,107.9160705770148,2026-05-01,オプトラン,プライム
96870,生存,27.859237536656888,2026-05-01,ＫＳＫ,スタンダード
64160,消滅,-4.008016032064132,2025-11-04,桂川電機,スタンダード
24250,生存,-12.309495896834699,2026-05-01,ケアサービス,スタンダード
31610,生存,1.7713365539452575,2026-05-01,アゼアス,スタンダード
56990,生存,62.58223684210527,2026-05-01,イボキン,スタンダード
58690,生存,24.602432179607113,2026-05-01,早稲田学習研究会,スタンダード
83360,生存,114.17040358744393,2026-05-01,武蔵野銀行,プライム
99730,生存,31.578947368421062,2026-05-01,小僧寿し,スタンダード
75640,生存,95.09536784741144,2026-05-01,ワークマン,スタンダード
60390,生存,237.72365805168988,2026-05-01,日本動物高度医療センター,グロース
62360,消滅,45.91904445919044,2024-10-01,ＮＣホールディングス,スタンダード
30460,生存,78.64864864864865,2026-05-01,ジンズホールディングス,プライム
74870,生存,17.489069331667718,2026-05-01,小津産業,スタンダード
59840,生存,-4.539877300613493,2026-05-01,兼房,スタンダード
70390,生存,21.165438713998654,2026-05-01,ブリッジインターナショナル,グロース
34540,生存,-0.3401360544217691,2026-05-01,ファーストブラザーズ,スタンダード
63070,生存,27.970297029702973,2026-05-01,サンセイ,スタンダード
49660,生存,115.85482330468002,2026-05-01,上村工業,スタンダード
31010,生存,31.11111111111111,2026-05-01,東洋紡,プライム
38170,生存,9.749999999999993,2026-05-01,ＳＲＡホールディングス,プライム
44280,生存,-35.4089219330855,2026-05-01,シノプス,グロース
61890,生存,50.829562594268474,2026-05-01,グローバルキッズＣＯＭＰＡＮＹ,スタンダード
64900,生存,69.67370441458733,2026-05-01,日本ピラー工業,プライム
35290,生存,79.40251572327044,2026-05-01,アツギ,スタンダード
46580,生存,58.835341365461844,2026-05-01,日本空調サービス,プライム
60960,生存,-17.01149425287356,2026-05-01,レアジョブ,スタンダード
56120,生存,11.172796668979878,2026-05-01,日本鋳鉄管,スタンダード
60800,生存,44.5916114790287,2026-05-01,Ｍ＆Ａキャピタルパートナーズ,プライム
30230,生存,5.2208835341365445,2026-05-01,ラサ商事,スタンダード
30890,生存,3.984063745019917,2026-05-01,テクノアルファ,スタンダード
137A0,生存,-52.733333333333334,2026-05-01,Ｃｏｃｏｌｉｖｅ,グロース
40880,生存,-16.10975879619385,2026-05-01,エア・ウォーター,プライム
91660,生存,-32.99748110831234,2026-05-01,ＧＥＮＤＡ,グロース
66540,生存,-4.0000000000000036,2026-05-01,不二電機工業,スタンダード
70480,生存,-60.58394160583942,2026-05-01,ベルトラ,グロース
31230,生存,25.298804780876495,2026-05-01,サイボー,スタンダード
77290,生存,55.72005383580081,2026-05-01,東京精密,プライム
22960,生存,23.13167259786477,2026-05-01,伊藤ハム米久ホールディングス,プライム
29360,生存,-2.500000000000002,2026-05-01,ベースフード,グロース
59910,生存,59.73837209302326,2026-05-01,日本発條,プライム
23230,生存,184.94208494208496,2026-05-01,ｆｏｎｆｕｎ,スタンダード
78110,生存,15.999999999999993,2026-05-01,中本パックス,スタンダード
79760,生存,7.468354430379742,2026-05-01,三菱鉛筆,プライム
74470,生存,-30.63847429519071,2026-05-01,ナガイレーベン,プライム
69380,消滅,-0.4166666666666652,2024-07-01,双信電機,スタンダード
69040,生存,-20.309810671256457,2026-05-01,原田工業,スタンダード
80590,生存,36.672325976230894,2026-05-01,第一実業,プライム
62670,生存,15.580286168521473,2026-05-01,ゼネラルパッカー,スタンダード
77410,生存,44.53388730199948,2026-05-01,ＨＯＹＡ,プライム
61810,生存,-21.84873949579832,2026-05-01,タメニー,グロース
48840,生存,-29.464285714285708,2026-05-01,クリングルファーマ,グロース
71890,生存,81.34570765661253,2026-05-01,西日本フィナンシャルホールディングス,プライム
40600,生存,4.43622920517559,2026-05-01,ｒａｋｕｍｏ,グロース
94140,生存,1.230425055928408,2026-05-01,日本ＢＳ放送,スタンダード
37650,生存,-8.303655107778818,2026-05-01,ガンホー・オンライン・エンターテイメント,プライム
44240,生存,-36.1323155216285,2026-05-01,Ａｍａｚｉａ,グロース
95310,生存,85.21422570708485,2026-05-01,東京瓦斯,プライム
63280,生存,40.63768115942028,2026-05-01,荏原実業,プライム
27690,生存,-13.925233644859814,2026-05-01,ヴィレッジヴァンガードコーポレーション,スタンダード
77750,生存,-17.72388059701493,2026-05-01,大研医器,スタンダード
59850,生存,274.2919389978213,2026-05-01,サンコール,スタンダード
22150,生存,-8.715596330275233,2026-05-01,第一屋製パン,スタンダード
49300,消滅,0.0,2024-07-01,グラフィコ,スタンダード
55860,生存,-35.853293413173645,2026-05-01,Ｌａｂｏｒｏ．ＡＩ,グロース
47250,生存,-7.1688311688311686,2026-05-01,ＣＡＣ　Ｈｏｌｄｉｎｇｓ,プライム
35240,生存,-1.3642564802182844,2026-05-01,日東製網,スタンダード
99290,生存,5.747126436781613,2026-05-01,平和紙業,スタンダード
47630,生存,-23.171445289643067,2026-05-01,クリーク・アンド・リバー社,プライム
69540,生存,53.81145692377085,2026-05-01,ファナック,プライム
70690,生存,-42.349528643944886,2026-05-01,サイバー・バズ,グロース
72540,生存,32.3873121869783,2026-05-01,ユニバンス,スタンダード
76060,生存,39.26345609065156,2026-05-01,ユナイテッドアローズ,プライム
80560,生存,5.095693779904309,2026-05-01,ＢＩＰＲＯＧＹ,プライム
25935,生存,-3.515413737155215,2026-05-01,伊藤園（優先株式）,プライム
47700,消滅,0.0,2024-09-02,図研エルミック,スタンダード
48470,生存,-9.090909090909093,2026-05-01,インテリジェント　ウェイブ,プライム
76890,生存,-48.44497607655502,2026-05-01,コパ・コーポレーション,グロース
97130,生存,-12.195121951219512,2026-05-01,ロイヤルホテル,スタンダード
29230,生存,2.315484804630974,2026-05-01,サトウ食品,スタンダード
14430,生存,36.79245283018868,2026-05-01,技研ホールディングス,スタンダード
65860,生存,22.933618843683078,2026-05-01,マキタ,プライム
46940,生存,36.29764065335752,2026-05-01,ビー・エム・エル,プライム
39090,生存,-19.999999999999996,2026-05-01,ショーケース,スタンダード
91430,生存,-6.422607578676942,2026-05-01,ＳＧホールディングス,プライム
41240,生存,81.03217158176943,2026-05-01,大阪油化工業,スタンダード
76360,生存,-13.915857605177994,2026-05-01,ハンズマン,スタンダード
35490,生存,17.415906947500794,2026-05-01,クスリのアオキホールディングス,プライム
37600,生存,-60.98829648894668,2026-05-01,ケイブ,スタンダード
96780,生存,75.44524441076166,2026-05-01,カナモト,プライム
167A0,生存,-11.489361702127665,2026-05-01,リョーサン菱洋ホールディングス,プライム
97760,消滅,96.69669669669669,2026-02-02,札幌臨床検査センター,スタンダード
38260,生存,22.343324250681196,2026-05-01,システムインテグレータ,スタンダード
40720,生存,11.711356466876977,2026-05-01,電算システムホールディングス,プライム
26830,生存,-10.71428571428571,2026-05-01,魚喜,スタンダード
41670,生存,-28.066037735849058,2026-05-01,ココペリ,グロース
77090,生存,-56.48148148148149,2026-05-01,クボテック,スタンダード
52430,生存,313.1118881118881,2026-05-01,ｎｏｔｅ,グロース
50310,生存,3.8167938931297662,2026-05-01,モイ,グロース
24680,消滅,-17.76859504132231,2024-09-02,フュートレック,スタンダード
32760,生存,4.508856682769724,2026-05-01,ＪＰＭＣ,プライム
61560,生存,-0.09965122072745913,2026-05-01,エーワン精密,スタンダード
53570,生存,-7.538802660753885,2026-05-01,ヨータイ,プライム
34670,生存,45.38411878631374,2026-05-01,アグレ都市デザイン,スタンダード
30400,生存,51.494449188727586,2026-05-01,ソリトンシステムズ,プライム
57020,生存,13.24753974261923,2026-05-01,大紀アルミニウム工業所,プライム
18670,生存,63.503649635036496,2026-05-01,植木組,スタンダード
65880,生存,-16.129032258064512,2026-05-01,東芝テック,プライム
62890,生存,-2.8556034482758674,2026-05-01,技研製作所,プライム
61340,生存,133.94174757281553,2026-05-01,ＦＵＪＩ,プライム
33700,生存,65.59139784946237,2026-05-01,フジタコーポレーション,スタンダード
64650,生存,-8.022719204827833,2026-05-01,ホシザキ,プライム
67870,生存,329.7687861271676,2026-05-01,メイコー,プライム
22080,生存,23.340471092077088,2026-05-01,ブルボン,スタンダード
43790,生存,32.369942196531795,2026-05-01,Ｐｈｏｔｏｓｙｎｔｈ,グロース
37730,生存,-11.399832355406536,2026-05-01,アドバンスト・メディア,グロース
89080,生存,19.84126984126984,2026-05-01,毎日コムネット,スタンダード
52530,生存,-15.786384976525824,2026-05-01,カバー,グロース
88980,生存,1.8970189701897011,2026-05-01,センチュリー２１・ジャパン,スタンダード
72130,生存,-12.695652173913041,2026-05-01,レシップホールディングス,スタンダード
39220,生存,22.004608294930872,2026-05-01,ＰＲ　ＴＩＭＥＳ,プライム
76810,消滅,-6.0926744066577605,2026-04-01,レオクラン,スタンダード
68230,生存,19.08646003262642,2026-05-01,リオン,プライム
92120,生存,-18.855932203389834,2026-05-01,Ｇｒｅｅｎ　Ｅａｒｔｈ　Ｉｎｓｔｉｔｕｔｅ,グロース
99030,生存,-9.435897435897434,2026-05-01,カンセキ,スタンダード
50110,生存,-15.684647302904564,2026-05-01,ニチレキ,プライム
88480,生存,23.529411764705888,2026-05-01,レオパレス２１,プライム
52040,生存,0.13855213023901136,2026-05-01,石塚硝子,スタンダード
86220,生存,15.194346289752648,2026-05-01,水戸証券,プライム
65080,生存,102.63473053892214,2026-05-01,明電舎,プライム
36400,生存,95.03688799463448,2026-05-01,電算,スタンダード
38560,生存,-68.84272997032642,2026-05-01,Ａｂａｌａｎｃｅ,スタンダード
52440,生存,-21.165644171779142,2026-05-01,ｊｉｇ．ｊｐ,グロース
19440,生存,140.04718372161605,2026-05-01,きんでん,プライム
17210,生存,78.41159785691774,2026-05-01,コムシスホールディングス,プライム
72960,生存,48.40283939662822,2026-05-01,エフ・シー・シー,プライム
76210,生存,-14.378238341968908,2026-05-01,うかい,スタンダード
92640,生存,1.5719467956469169,2026-05-01,ポエック,スタンダード
26510,消滅,0.04842615012106144,2024-07-01,ローソン,プライム
53880,生存,6.980802792321117,2026-05-01,クニミネ工業,スタンダード
98500,生存,-11.818181818181817,2026-05-01,グルメ杵屋,プライム
22640,生存,45.01835985312117,2026-05-01,森永乳業,プライム
46790,生存,-32.901554404145074,2026-05-01,田谷,スタンダード
91470,生存,58.74422187981509,2026-05-01,ＮＩＰＰＯＮ　ＥＸＰＲＥＳＳホールディングス,プライム
94390,生存,8.597285067873294,2026-05-01,エム・エイチ・グループ,スタンダード
28200,生存,33.82594417077176,2026-05-01,やまみ,スタンダード
34400,生存,-8.912830558276196,2026-05-01,日創プロニティ,スタンダード
70930,生存,-31.218274111675125,2026-05-01,アディッシュ,グロース
74080,消滅,20.659488559892324,2025-07-01,ジャムコ,プライム
89460,生存,-14.583333333333337,2026-05-01,ＡＳＩＡＮ　ＳＴＡＲ,スタンダード
34220,生存,6.281407035175879,2026-05-01,Ｊ−ＭＡＸ,スタンダード
90450,生存,11.68697442938047,2026-05-01,京阪ホールディングス,プライム
62090,生存,40.95063985374772,2026-05-01,リケンＮＰＲ,プライム
63580,生存,-29.671848013816927,2026-05-01,酒井重工業,プライム
47200,生存,-22.670807453416153,2026-05-01,城南進学研究社,スタンダード
21360,生存,30.747922437673125,2026-05-01,ヒップ,スタンダード
30480,生存,3.998699609882972,2026-05-01,ビックカメラ,プライム
30300,生存,5.011655011655014,2026-05-01,ハブ,スタンダード
60620,生存,-15.575916230366493,2026-05-01,チャーム・ケア・コーポレーション,プライム
24350,生存,-0.4587155963302725,2026-05-01,シダー,スタンダード
44130,生存,27.567567567567576,2026-05-01,ボードルア,グロース
78970,生存,-13.559322033898303,2026-05-01,ホクシン,スタンダード
27370,生存,113.45609065155809,2026-05-01,トーメンデバイス,プライム
66140,生存,-58.13953488372092,2026-05-01,シキノハイテック,スタンダード
66680,生存,92.06349206349206,2026-05-01,アドテック　プラズマ　テクノロジー,スタンダード
40230,生存,26.951092611862638,2026-05-01,クレハ,プライム
57290,生存,227.52767527675277,2026-05-01,日本精鉱,スタンダード
68610,生存,6.952021261714925,2026-05-01,キーエンス,プライム
65570,生存,121.83574879227055,2026-05-01,ＡＩＡＩグループ,グロース
38640,生存,24.064171122994658,2026-05-01,三菱製紙,プライム
82670,生存,36.37162696668717,2026-05-01,イオン,プライム
19300,生存,48.76977152899824,2026-05-01,北陸電気工事,プライム
19640,生存,42.53048780487805,2026-05-01,中外炉工業,プライム
35530,生存,16.559691912708608,2026-05-01,共和レザー,スタンダード
23440,生存,64.75138121546962,2026-05-01,平安レイサービス,スタンダード
19250,生存,12.308417825984442,2026-05-01,大和ハウス工業,プライム
42150,消滅,19.889502762430933,2024-10-01,タキロンシーアイ,プライム
23030,生存,44.29934706177801,2026-05-01,ドーン,スタンダード
63230,生存,23.261231281198015,2026-05-01,ローツェ,プライム
79800,生存,9.98685939553219,2026-05-01,重松製作所,スタンダード
44090,生存,42.635658914728694,2026-05-01,東邦化学工業,スタンダード
62650,生存,51.388187783947494,2026-05-01,コンバム,スタンダード
69020,生存,-25.94256690759914,2026-05-01,デンソー,プライム
91680,生存,-40.65620542082738,2026-05-01,ライズ・コンサルティング・グループ,グロース
42630,生存,71.56133828996283,2026-05-01,サスメド,グロース
62330,生存,-16.142557651991616,2026-05-01,ＫＬＡＳＳ,スタンダード
48280,生存,78.57142857142858,2026-05-01,ビジネスエンジニアリング,プライム
44810,生存,7.873210633946837,2026-05-01,ベース,プライム
24990,生存,-2.786377708978327,2026-05-01,日本和装ホールディングス,スタンダード
42410,生存,11.32352941176471,2026-05-01,アテクト,スタンダード
39440,生存,18.542713567839186,2026-05-01,古林紙工,スタンダード
46710,生存,9.075119409465904,2026-05-01,ファルコホールディングス,スタンダード
68690,生存,-50.22429906542057,2026-05-01,シスメックス,プライム
77600,生存,359.2641261498029,2026-05-01,ＩＭＶ,スタンダード
35570,生存,-48.63195057369815,2026-05-01,ユナイテッド＆コレクティブ,グロース
45930,生存,109.43396226415096,2026-05-01,ヘリオス,グロース
60260,消滅,-33.692458374142994,2025-09-01,ＧＭＯ　ＴＥＣＨ,グロース
78830,生存,-5.68475452196382,2026-05-01,サンメッセ,スタンダード
93080,生存,39.08256880733945,2026-05-01,乾汽船,スタンダード
98320,生存,0.7936507936507908,2026-05-01,オートバックスセブン,プライム
48830,生存,-7.042253521126762,2026-05-01,モダリス,グロース
52010,生存,1.7524644030668224,2026-05-01,ＡＧＣ,プライム
39530,生存,-2.292993630573248,2026-05-01,大村紙業,スタンダード
94090,生存,58.26466311197285,2026-05-01,テレビ朝日ホールディングス,プライム
63810,生存,13.238434163701074,2026-05-01,アネスト岩田,プライム
71140,生存,-41.91533657182512,2026-05-01,フーディソン,グロース
59620,生存,19.807692307692303,2026-05-01,浅香工業,スタンダード
99830,生存,78.08453457121915,2026-05-01,ファーストリテイリング,プライム
94360,生存,80.74277854195324,2026-05-01,沖縄セルラー電話,スタンダード
51210,生存,83.600583090379,2026-05-01,藤倉コンポジット,プライム
45270,生存,-15.136789056875454,2026-05-01,ロート製薬,プライム
82370,生存,67.78115501519757,2026-05-01,松屋,プライム
92420,生存,10.606060606060597,2026-05-01,メディア総研,グロース
47040,生存,-26.169265033407573,2026-05-01,トレンドマイクロ,プライム
40920,生存,45.222929936305725,2026-05-01,日本化学工業,プライム
50380,生存,65.9468438538206,2026-05-01,ｅＷｅＬＬ,グロース
44480,生存,-34.523809523809526,2026-05-01,Ｃｈａｔｗｏｒｋ,グロース
61450,生存,43.03423848878394,2026-05-01,ＮＩＴＴＯＫＵ,スタンダード
37330,生存,-22.702331961591216,2026-05-01,ソフトウェア・サービス,スタンダード
65170,生存,34.60118168389956,2026-05-01,デンヨー,プライム
62480,生存,38.62629246676514,2026-05-01,横田製作所,スタンダード
66370,生存,90.29495718363462,2026-05-01,寺崎電気産業,スタンダード
98960,生存,31.965648854961827,2026-05-01,ＪＫホールディングス,スタンダード
63050,生存,28.800557880055777,2026-05-01,日立建機,プライム
65790,生存,-38.854805725971374,2026-05-01,ログリー,グロース
72780,生存,123.74429223744295,2026-05-01,エクセディ,プライム
34430,生存,66.64828498952244,2026-05-01,川田テクノロジーズ,プライム
92450,生存,40.42553191489362,2026-05-01,リベロ,グロース
42990,生存,-13.260073260073257,2026-05-01,ハイマックス,スタンダード
60850,生存,2911.695906432748,2026-05-01,アーキテクツ・スタジオ・ジャパン,グロース
48250,生存,83.40807174887892,2026-05-01,ウェザーニューズ,プライム
70890,生存,123.05580969807868,2026-05-01,フォースタートアップス,グロース
71400,生存,-14.271047227926081,2026-05-01,ペットゴー,グロース
59220,生存,74.64285714285714,2026-05-01,那須電機鉄工,スタンダード
54640,生存,-12.149532710280376,2026-05-01,モリ工業,スタンダード
82070,生存,-4.040404040404044,2026-05-01,テンアライド,スタンダード
40740,生存,-51.9217801753203,2026-05-01,ラキール,グロース
74750,生存,-6.176582038651002,2026-05-01,アルビス,プライム
39200,生存,108.3507306889353,2026-05-01,アイビーシー,スタンダード
30730,消滅,32.93932230102443,2025-11-04,ＤＤグループ,プライム
67700,生存,33.809840425531924,2026-05-01,アルプスアルパイン,プライム
54450,生存,3.3522727272727204,2026-05-01,東京鐵鋼,プライム
93070,生存,66.01626016260163,2026-05-01,杉村倉庫,スタンダード
80180,生存,18.34002677376172,2026-05-01,三共生興,スタンダード
40270,生存,18.753781004234725,2026-05-01,テイカ,プライム
32010,生存,30.955882352941178,2026-05-01,日本毛織,プライム
92620,生存,-14.988814317673382,2026-05-01,シルバーライフ,スタンダード
83660,生存,104.77741585233443,2026-05-01,滋賀銀行,プライム
93800,生存,33.10580204778157,2026-05-01,東海運,スタンダード
27510,生存,15.541601255886972,2026-05-01,テンポスホールディングス,スタンダード
48200,生存,2.982731554160134,2026-05-01,イーエムシステムズ,プライム
74190,生存,107.61186353505919,2026-05-01,ノジマ,プライム
71670,生存,103.67751060820369,2026-05-01,めぶきフィナンシャルグループ,プライム
49190,生存,-26.15026208503203,2026-05-01,ミルボン,プライム
97780,消滅,-22.3463687150838,2026-04-01,昴,スタンダード
29810,生存,90.26510212950892,2026-05-01,ランディックス,グロース
49320,生存,-45.62883435582822,2026-05-01,アルマード,スタンダード
95070,生存,4.403794037940378,2026-05-01,四国電力,プライム
66450,生存,5.136406396989646,2026-05-01,オムロン,プライム
75620,生存,6.276747503566327,2026-05-01,安楽亭,スタンダード
25310,生存,59.83417779824964,2026-05-01,宝ホールディングス,プライム
62540,生存,-20.54054054054054,2026-05-01,野村マイクロ・サイエンス,プライム
72690,生存,-7.322231033571236,2026-05-01,スズキ,プライム
42350,生存,-39.39393939393939,2026-05-01,ウルトラファブリックス・ホールディングス,スタンダード
47360,生存,-29.824561403508774,2026-05-01,日本ラッド,スタンダード
62570,生存,-18.05907172995781,2026-05-01,藤商事,スタンダード
39340,生存,70.09345794392523,2026-05-01,ベネフィットジャパン,スタンダード
63950,生存,23.04964539007093,2026-05-01,タダノ,プライム
91270,生存,93.993993993994,2026-05-01,玉井商船,スタンダード
93690,生存,148.98785425101212,2026-05-01,キユーソー流通システム,スタンダード
65550,生存,-27.062706270627068,2026-05-01,ＭＳ＆Ｃｏｎｓｕｌｔｉｎｇ,スタンダード
34160,生存,16.04139715394566,2026-05-01,ピクスタ,グロース
69230,生存,4.541484716157207,2026-05-01,スタンレー電気,プライム
83310,生存,41.80381830151416,2026-05-01,千葉銀行,プライム
79850,生存,-55.89610389610389,2026-05-01,ネポン,スタンダード
19390,生存,65.57377049180329,2026-05-01,四電工,プライム
24880,生存,32.33404710920771,2026-05-01,ＪＴＰ,スタンダード
72240,生存,80.3894297635605,2026-05-01,新明和工業,プライム
79180,生存,-5.309734513274334,2026-05-01,ヴィア・ホールディングス,スタンダード
91630,生存,-16.53689284390063,2026-05-01,ナレルグループ,グロース
70490,生存,64.77987421383648,2026-05-01,識学,グロース
60160,生存,126.40240599256533,2026-05-01,ジャパンエンジンコーポレーション,スタンダード
94010,生存,49.12985274431057,2026-05-01,ＴＢＳホールディングス,プライム
82020,生存,-29.5774647887324,2026-05-01,ラオックスホールディングス,スタンダード
76080,生存,89.74358974358974,2026-05-01,エスケイジャパン,スタンダード
21680,生存,-25.764596848934197,2026-05-01,パソナグループ,プライム
14180,生存,154.88372093023256,2026-05-01,インターライフホールディングス,スタンダード
48110,生存,0.5410846860450347,2026-05-01,ドリーム・アーツ,グロース
52690,生存,-12.605042016806722,2026-05-01,日本コンクリート工業,プライム
39650,生存,4.283965728274164,2026-05-01,キャピタル・アセット・プランニング,スタンダード
22660,生存,-22.429261559696346,2026-05-01,六甲バター,プライム
24620,生存,4.284772577455498,2026-05-01,ライク,プライム
53630,生存,36.23853211009174,2026-05-01,東京窯業,スタンダード
68200,生存,-0.4918032786885296,2026-05-01,アイコム,プライム
90700,消滅,91.69811320754717,2025-06-02,トナミホールディングス,プライム
64130,生存,-36.75265553869499,2026-05-01,理想科学工業,プライム
29150,生存,13.05048335123522,2026-05-01,ケンコーマヨネーズ,プライム
80140,生存,17.44022503516174,2026-05-01,蝶理,プライム
70950,生存,-63.87464387464388,2026-05-01,Ｍａｃｂｅｅ　Ｐｌａｎｅｔ,グロース
76820,生存,-15.376569037656907,2026-05-01,浜木綿,スタンダード
18900,消滅,25.522710886806067,2025-12-01,東洋建設,プライム
67690,生存,39.82683982683983,2026-05-01,ザインエレクトロニクス,スタンダード
96720,生存,31.017964071856284,2026-05-01,東京都競馬,プライム
145A0,生存,-1.1273957158962844,2026-05-01,Ｌ　ｉｓ　Ｂ,グロース
68940,生存,21.420389461626566,2026-05-01,パルステック工業,スタンダード
23720,消滅,0.07176175098673188,2025-05-01,アイロムグループ,プライム
21120,生存,74.02135231316727,2026-05-01,塩水港精糖,スタンダード
42120,生存,-13.514627111660483,2026-05-01,積水樹脂,プライム
86240,生存,52.60047281323877,2026-05-01,いちよし証券,プライム
66660,生存,139.66745843230404,2026-05-01,リバーエレテック,スタンダード
99900,生存,-4.274611398963735,2026-05-01,サックスバー　ホールディングス,プライム
81250,生存,11.070110701107016,2026-05-01,ワキタ,プライム
74640,生存,-20.13618677042801,2026-05-01,セフテック,スタンダード
68380,生存,126.8225584594223,2026-05-01,多摩川ホールディングス,スタンダード
50740,生存,94.23076923076923,2026-05-01,テスホールディングス,プライム
45020,生存,24.67872441694432,2026-05-01,武田薬品工業,プライム
77440,生存,46.5017667844523,2026-05-01,ノーリツ鋼機,プライム
21080,生存,104.89296636085625,2026-05-01,日本甜菜製糖,プライム
16050,生存,65.78099838969405,2026-05-01,ＩＮＰＥＸ,プライム
43750,生存,2.7932960893854775,2026-05-01,セーフィー,グロース
60610,生存,56.76300578034683,2026-05-01,ユニバーサル園芸社,スタンダード
76470,消滅,22.222222222222232,2024-10-01,音通,スタンダード
88300,生存,90.69673781715666,2026-05-01,住友不動産,プライム
90290,生存,42.64825345247767,2026-05-01,ヒガシトゥエンティワン,スタンダード
45470,生存,35.00000000000001,2026-05-01,キッセイ薬品工業,プライム
98450,生存,52.24043715846995,2026-05-01,パーカーコーポレーション,スタンダード
78470,生存,-13.566433566433567,2026-05-01,グラファイトデザイン,スタンダード
95170,生存,54.10071942446044,2026-05-01,イーレックス,プライム
43740,生存,3.396053235429086,2026-05-01,ＲＯＢＯＴ　ＰＡＹＭＥＮＴ,グロース
73680,消滅,13.941018766756041,2026-04-01,表示灯,スタンダード
19050,生存,12.142304717710761,2026-05-01,テノックス,スタンダード
50320,生存,29.651972157772622,2026-05-01,ＡＮＹＣＯＬＯＲ,プライム
66300,生存,-26.36655948553055,2026-05-01,ヤーマン,プライム
63160,生存,0.0,2026-05-01,丸山製作所,スタンダード
99190,消滅,0.3877471888328765,2024-07-01,関西フードマーケット,スタンダード
64240,生存,-34.75433526011561,2026-05-01,高見沢サイバネティックス,スタンダード
85620,生存,26.595744680851062,2026-05-01,福島銀行,スタンダード
63620,消滅,198.49677881173946,2024-12-02,石井鐵工所,スタンダード
81350,生存,29.57317073170731,2026-05-01,ゼット,スタンダード
67230,生存,9.273781111489932,2026-05-01,ルネサスエレクトロニクス,プライム
35580,生存,17.552887364208125,2026-05-01,ジェイドグループ,グロース
73200,生存,5.695364238410594,2026-05-01,日本リビング保証,グロース
78370,生存,-31.634819532908708,2026-05-01,アールシーコア,スタンダード
34370,消滅,26.68428005284016,2026-04-01,特殊電極,スタンダード
26740,生存,0.44798407167745413,2026-05-01,ハードオフコーポレーション,プライム
86160,生存,13.157894736842103,2026-05-01,東海東京フィナンシャル・ホールディングス,プライム
71100,生存,42.55628177196804,2026-05-01,クラシコム,グロース
99040,生存,1.538461538461533,2026-05-01,ベリテ,スタンダード
29290,生存,-29.064587973273948,2026-05-01,ファーマフーズ,プライム
64450,生存,64.03508771929825,2026-05-01,ジャノメ,プライム
31810,生存,21.231155778894472,2026-05-01,買取王国,スタンダード
35770,生存,16.646706586826344,2026-05-01,東海染工,スタンダード
92140,生存,-5.502717391304346,2026-05-01,Ｒｅｃｏｖｅｒｙ　Ｉｎｔｅｒｎａｔｉｏｎａｌ,グロース
65450,生存,64.82758620689654,2026-05-01,インターネットインフィニティー,グロース
85930,生存,34.2406876790831,2026-05-01,三菱ＨＣキャピタル,プライム
98270,生存,-3.65296803652968,2026-05-01,リリカラ,スタンダード
42860,生存,-11.888638073739655,2026-05-01,ＣＬホールディングス,スタンダード
19510,生存,76.5553171927674,2026-05-01,エクシオグループ,プライム
61440,生存,48.01020408163266,2026-05-01,西部電機,スタンダード
34490,生存,322.24152910512595,2026-05-01,テクノフレックス,スタンダード
25870,生存,-20.83259834185923,2026-05-01,サントリー食品インターナショナル,プライム
18600,生存,29.578754578754584,2026-05-01,戸田建設,プライム
44320,生存,-8.506075768406006,2026-05-01,ウイングアーク１ｓｔ,プライム
79140,生存,63.78003896947393,2026-05-01,共同印刷,プライム
34440,生存,318.63905325443784,2026-05-01,菊池製作所,スタンダード
63400,生存,-10.765239948119321,2026-05-01,澁谷工業,プライム
21270,生存,-15.329551593733115,2026-05-01,日本Ｍ＆Ａセンターホールディングス,プライム
44890,消滅,0.0,2024-06-03,ペイロール,グロース
14140,生存,-10.674423324088478,2026-05-01,ショーボンドホールディングス,プライム
52610,生存,45.15463917525773,2026-05-01,リソルホールディングス,プライム
35910,生存,17.288651942117284,2026-05-01,ワコールホールディングス,プライム
48120,生存,26.72514619883042,2026-05-01,電通総研,プライム
35600,生存,30.284857571214395,2026-05-01,ほぼ日,スタンダード
31130,生存,-2.409638554216864,2026-05-01,ＵＮＩＶＡ・Ｏａｋホールディングス,スタンダード
59560,生存,9.174311926605494,2026-05-01,トーソー,スタンダード
72360,生存,298.3628922237381,2026-05-01,ティラド,プライム
40220,生存,255.5221888555222,2026-05-01,ラサ工業,プライム
51030,生存,-2.2727272727272707,2026-05-01,昭和ホールディングス,スタンダード
87470,生存,80.5574912891986,2026-05-01,豊トラスティ証券,スタンダード
13800,生存,-3.2723772858517797,2026-05-01,秋川牧園,スタンダード
57150,生存,115.38461538461537,2026-05-01,古河機械金属,プライム
42700,生存,-34.446397188049204,2026-05-01,ＢｅｅＸ,グロース
59700,生存,-7.344632768361581,2026-05-01,ジーテクト,プライム
21070,消滅,24.5045045045045,2025-05-01,東洋精糖,スタンダード
91610,消滅,48.79448909299655,2025-05-01,ＩＤ＆Ｅホールディングス,プライム
93650,消滅,14.45692883895131,2026-04-01,トレーディア,スタンダード
72410,生存,9.203142536475873,2026-05-01,フタバ産業,プライム
55270,生存,115.39436173582516,2026-05-01,ｐｒｏｐｅｒｔｙ　ｔｅｃｈｎｏｌｏｇｉｅｓ,グロース
72460,生存,15.922619047619047,2026-05-01,プレス工業,プライム
52500,生存,0.0,2026-05-01,プライム・ストラテジー,スタンダード
60300,生存,-65.70155902004454,2026-05-01,アドベンチャー,グロース
57530,生存,28.856714927608596,2026-05-01,日本伸銅,スタンダード
75060,生存,-14.529374605180035,2026-05-01,ハウス　オブ　ローゼ,スタンダード
81740,生存,17.145855194123815,2026-05-01,日本瓦斯,プライム
69430,生存,-9.665427509293679,2026-05-01,ＮＫＫスイッチズ,スタンダード
49760,生存,29.357225639654082,2026-05-01,東洋ドライルーブ,スタンダード
82760,生存,12.30243485689877,2026-05-01,平和堂,プライム
54400,生存,-15.141662796098466,2026-05-01,共英製鋼,プライム
34410,生存,153.4983853606028,2026-05-01,山王,スタンダード
75240,生存,-32.377049180327866,2026-05-01,マルシェ,スタンダード
78870,生存,70.16129032258065,2026-05-01,南海プライウッド,スタンダード
71380,生存,3.3966033966033926,2026-05-01,ＴＯＲＩＣＯ,グロース
61010,生存,227.73972602739727,2026-05-01,ツガミ,プライム
95560,生存,24.437194127243057,2026-05-01,ＩＮＴＬＯＯＰ,グロース
79160,生存,24.142312579415503,2026-05-01,光村印刷,スタンダード
59820,生存,20.922570016474463,2026-05-01,マルゼン,スタンダード
47280,生存,-7.947976878612717,2026-05-01,トーセ,スタンダード
80530,生存,65.45718432510886,2026-05-01,住友商事,プライム
81600,生存,-6.706827309236951,2026-05-01,木曽路,プライム
90440,生存,13.329530328959871,2026-05-01,南海電気鉄道,プライム
48820,生存,-32.17665615141956,2026-05-01,ペルセウスプロテオミクス,グロース
76730,生存,52.860596293311836,2026-05-01,ダイコー通産,スタンダード
42750,生存,125.20391517128874,2026-05-01,カーリットホールディングス,プライム
99930,生存,-8.623417721518988,2026-05-01,ヤマザワ,スタンダード
34050,生存,-13.796735123749338,2026-05-01,クラレ,プライム
33230,生存,-10.1123595505618,2026-05-01,レカム,スタンダード
78140,生存,1.2389380530973382,2026-05-01,日本創発グループ,スタンダード
35390,生存,-5.536332179930792,2026-05-01,ＪＭホールディングス,プライム
52730,生存,19.50530035335689,2026-05-01,三谷セキサン,スタンダード
27900,生存,-26.6347141389935,2026-05-01,ナフコ,スタンダード
65060,生存,-11.903622147758098,2026-05-01,安川電機,プライム
81070,生存,77.77777777777777,2026-05-01,キムラタン,スタンダード
94660,生存,1.7391304347825987,2026-05-01,アイドママーケティングコミュニケーション,スタンダード
41140,生存,31.587009803921575,2026-05-01,日本触媒,プライム
85840,生存,-17.875383043922366,2026-05-01,ジャックス,プライム
93440,生存,-13.714285714285712,2026-05-01,アクシスコンサルティング,グロース
29040,生存,-1.2970168612191912,2026-05-01,一正蒲鉾,スタンダード
39010,生存,-52.220421393841164,2026-05-01,マークラインズ,プライム
65420,消滅,43.48268839103871,2026-01-05,ＦＣホールディングス,スタンダード
92200,生存,26.88821752265862,2026-05-01,エフビー介護サービス,スタンダード
94410,生存,60.88621444201312,2026-05-01,ベルパーク,スタンダード
35500,生存,7.692307692307687,2026-05-01,スタジオアタオ,グロース
90750,生存,31.443298969072163,2026-05-01,福山通運,プライム
73990,生存,-0.8635578583765069,2026-05-01,ナンシン,スタンダード
29160,生存,-3.7991858887381325,2026-05-01,仙波糖化工業,スタンダード
39230,生存,-2.0686519663559833,2026-05-01,ラクス,プライム
79150,生存,-35.382231404958674,2026-05-01,ＮＩＳＳＨＡ,プライム
54820,生存,206.4910230532243,2026-05-01,愛知製鋼,プライム
78650,生存,-53.58361774744027,2026-05-01,ピープル,スタンダード
27350,生存,-8.895705521472397,2026-05-01,ワッツ,スタンダード
34790,生存,20.48710601719197,2026-05-01,ティーケーピー,グロース
45970,生存,18.518518518518512,2026-05-01,ソレイジア・ファーマ,グロース
34910,生存,13.468501086169438,2026-05-01,ＧＡ　ｔｅｃｈｎｏｌｏｇｉｅｓ,グロース
48930,生存,17.829457364341096,2026-05-01,ノイルイミューン・バイオテック,グロース
41720,生存,24.853333333333328,2026-05-01,東和ハイシステム,スタンダード
33920,生存,48.861646234676016,2026-05-01,デリカフーズホールディングス,スタンダード
79890,生存,83.42981186685962,2026-05-01,立川ブラインド工業,プライム
48330,生存,-23.456790123456795,2026-05-01,Ｓｕｃｃｅｓｓ　Ｈｏｌｄｅｒｓ,グロース
72440,生存,-8.378870673952644,2026-05-01,市光工業,プライム
77330,生存,-37.071900660925294,2026-05-01,オリンパス,プライム
79740,生存,-12.386114634990196,2026-05-01,任天堂,プライム
35590,生存,26.190476190476186,2026-05-01,ピーバンドットコム,スタンダード
24540,生存,-5.612244897959185,2026-05-01,オールアバウト,スタンダード
63460,生存,36.54266958424508,2026-05-01,キクカワエンタープライズ,スタンダード
76860,生存,-39.176315403781324,2026-05-01,カクヤスグループ,スタンダード
73690,生存,-25.85975882090219,2026-05-01,メイホーホールディングス,グロース
47650,生存,-11.209439528023601,2026-05-01,ＳＢＩグローバルアセットマネジメント,プライム
72220,生存,-4.957805907172997,2026-05-01,日産車体,スタンダード
57130,生存,85.8814352574103,2026-05-01,住友金属鉱山,プライム
68490,生存,-40.08307372793354,2026-05-01,日本光電工業,プライム
40050,生存,57.09035222052066,2026-05-01,住友化学,プライム
59970,生存,30.830670926517566,2026-05-01,協立エアテック,スタンダード
90080,生存,-0.4391801969656606,2026-05-01,京王電鉄,プライム
70370,生存,113.64705882352939,2026-05-01,テノ．ホールディングス,スタンダード
77050,消滅,-12.108626198083073,2024-09-02,ジーエルサイエンス,スタンダード
63010,生存,38.920878652164646,2026-05-01,小松製作所,プライム
30930,生存,5.541871921182273,2026-05-01,トレジャー・ファクトリー,プライム
67010,生存,73.32474226804125,2026-05-01,日本電気,プライム
32880,生存,99.60176991150442,2026-05-01,オープンハウスグループ,プライム
33860,生存,25.322740814299905,2026-05-01,コスモ・バイオ,スタンダード
42560,生存,71.2,2026-05-01,サインド,グロース
88910,生存,-8.971732896353956,2026-05-01,ＡＭＧホールディングス,スタンダード
96290,生存,-33.884711779448615,2026-05-01,ピー・シー・エー,プライム
27800,生存,26.618705035971214,2026-05-01,コメ兵ホールディングス,スタンダード
81590,生存,-3.993344425956735,2026-05-01,立花エレテック,プライム
56580,生存,13.880126182965302,2026-05-01,日亜鋼業,スタンダード
30410,生存,-16.562500000000004,2026-05-01,ビューティカダンホールディングス,スタンダード
49980,生存,-7.950819672131148,2026-05-01,フマキラー,スタンダード
41980,生存,-27.88586251621271,2026-05-01,テンダ,スタンダード
50100,生存,31.35135135135134,2026-05-01,日本精蝋,スタンダード
53860,消滅,2.9569892473118253,2026-03-02,鶴弥,スタンダード
61960,生存,-16.213736147384772,2026-05-01,ストライク,プライム
69690,生存,137.26169844020797,2026-05-01,松尾電機,スタンダード
43690,生存,-20.59202059202059,2026-05-01,トリケミカル研究所,プライム
72030,生存,-10.206524992517208,2026-05-01,トヨタ自動車,プライム
82530,生存,23.77215925603022,2026-05-01,クレディセゾン,プライム
32540,消滅,30.000000000000004,2025-03-03,プレサンスコーポレーション,スタンダード
38040,生存,42.78363776691536,2026-05-01,システム　ディ,スタンダード
67210,生存,30.864197530864203,2026-05-01,ウインテスト,スタンダード
64070,生存,94.51612903225805,2026-05-01,ＣＫＤ,プライム
18520,生存,28.750000000000007,2026-05-01,淺沼組,プライム
19760,生存,40.13814274750575,2026-05-01,明星工業,プライム
33520,生存,27.509293680297397,2026-05-01,バッファロー,スタンダード
66750,生存,145.68226009378935,2026-05-01,サクサホールディングス,スタンダード
43340,生存,-0.24875621890547706,2026-05-01,ユークス,スタンダード
89380,生存,-46.6275659824047,2026-05-01,グローム・ホールディングス,グロース
62640,生存,86.64837677183357,2026-05-01,マルマエ,プライム
70860,消滅,41.39316811788345,2024-09-02,きずなホールディングス,グロース
19520,生存,67.13286713286712,2026-05-01,新日本空調,プライム
71980,生存,-0.8225616921269108,2026-05-01,ＳＢＩアルヒ,プライム
42610,生存,64.51335055986218,2026-05-01,アジアクエスト,グロース
15180,生存,42.57112750263434,2026-05-01,三井松島ホールディングス,プライム
51260,生存,-25.872093023255815,2026-05-01,ポーターズ,グロース
53410,生存,-5.585106382978722,2026-05-01,ＡＳＡＨＩ　ＥＩＴＯホールディングス,スタンダード
31970,生存,36.027088036117384,2026-05-01,すかいらーくホールディングス,プライム
65680,生存,0.7806401249024209,2026-05-01,神戸天然物化学,グロース
69140,生存,70.76659038901603,2026-05-01,オプテックスグループ,プライム
45870,生存,-41.31254714609002,2026-05-01,ペプチドリーム,プライム
24800,生存,28.550074738415553,2026-05-01,システム・ロケーション,スタンダード
70730,生存,-20.41343669250646,2026-05-01,ジェイック,グロース
72650,生存,8.771929824561408,2026-05-01,エイケン工業,スタンダード
85850,生存,-3.6363636363636376,2026-05-01,オリエントコーポレーション,プライム
23380,生存,-77.06013363028953,2026-05-01,クオンタムソリューションズ,スタンダード
46190,生存,56.53846153846154,2026-05-01,日本特殊塗料,スタンダード
35410,消滅,182.22222222222223,2026-04-01,農業総合研究所,グロース
40590,生存,-23.46089850249584,2026-05-01,まぐまぐ,スタンダード
50170,消滅,-10.67415730337079,2026-01-05,富士石油,プライム
58850,生存,17.490196078431364,2026-05-01,ジーデップ・アドバンス,スタンダード
72170,生存,-16.455696202531644,2026-05-01,テイン,スタンダード
52620,生存,108.75912408759123,2026-05-01,日本ヒューム,プライム
51310,生存,-21.51162790697675,2026-05-01,リンカーズ,グロース
13760,生存,-0.4240282685512353,2026-05-01,カネコ種苗,スタンダード
51320,生存,-9.090909090909093,2026-05-01,ｐｌｕｓｚｅｒｏ,グロース
41690,生存,-29.723991507431002,2026-05-01,ＥＮＥＣＨＡＮＧＥ,グロース
18440,生存,113.2295719844358,2026-05-01,大盛工業,スタンダード
87370,生存,33.26359832635983,2026-05-01,あかつき本社,スタンダード
43860,生存,55.762081784386616,2026-05-01,ＳＩＧグループ,スタンダード
30770,生存,116.52661064425769,2026-05-01,ホリイフードサービス,スタンダード
43560,生存,18.048128342245985,2026-05-01,応用技術,スタンダード
65400,生存,31.98733174980206,2026-05-01,船場,スタンダード
58920,生存,-15.19419547588562,2026-05-01,ｙｕｔｏｒｉ,グロース
94120,生存,279.58963282937367,2026-05-01,スカパーＪＳＡＴホールディングス,プライム
65660,生存,72.80092592592592,2026-05-01,要興業,スタンダード
90990,消滅,2.6929982046678624,2024-10-01,Ｃ＆Ｆロジホールディングス,プライム
66190,生存,-48.775055679287306,2026-05-01,ダブル・スコープ,プライム
76490,生存,25.924429177611643,2026-05-01,スギホールディングス,プライム
38580,生存,-32.31083844580777,2026-05-01,ユビキタスＡＩ,スタンダード
69820,生存,1.1589403973509826,2026-05-01,リード,スタンダード
23750,生存,-68.08176100628931,2026-05-01,ギグワークス,スタンダード
79190,生存,5.235602094240832,2026-05-01,野崎印刷紙業,スタンダード
32210,生存,14.006514657980462,2026-05-01,ヨシックスホールディングス,プライム
76150,生存,-5.263157894736848,2026-05-01,ＹＵ−ＷＡ　Ｃｒｅａｔｉｏｎ　Ｈｏｌｄｉｎｇｓ,スタンダード
72470,生存,-13.691931540342296,2026-05-01,ミクニ,スタンダード
63350,生存,16.25615763546797,2026-05-01,東京機械製作所,スタンダード
40250,生存,15.7372986369269,2026-05-01,多木化学,プライム
88010,生存,15.366269165247015,2026-05-01,三井不動産,プライム
63380,生存,-55.53191489361702,2026-05-01,タカトリ,スタンダード
78850,生存,11.826821541710665,2026-05-01,タカノ,スタンダード
78930,生存,-15.000000000000002,2026-05-01,プロネクサス,プライム
50350,生存,-14.432989690721653,2026-05-01,ＨＯＵＳＥＩ,グロース
35630,生存,222.71926734765765,2026-05-01,ＦＯＯＤ　＆　ＬＩＦＥ　ＣＯＭＰＡＮＩＥＳ,プライム
19790,生存,32.015065913371,2026-05-01,大氣社,プライム
31930,生存,-22.055335968379442,2026-05-01,エターナルホスピタリティグループ,プライム
63570,生存,24.45620223398002,2026-05-01,三精テクノロジーズ,スタンダード
76780,生存,74.96038034865293,2026-05-01,あさくま,スタンダード
66440,生存,208.71491875923192,2026-05-01,大崎電気工業,プライム
71750,生存,-4.728299223712062,2026-05-01,今村証券,スタンダード
41730,消滅,6.382978723404253,2025-07-01,ＷＡＣＵＬ,グロース
34360,生存,7.44432661717922,2026-05-01,ＳＵＭＣＯ,プライム
31800,生存,-25.51460028721877,2026-05-01,ビューティガレージ,プライム
30710,生存,-5.405405405405405,2026-05-01,ストリーム,スタンダード
49770,生存,46.344485749690215,2026-05-01,新田ゼラチン,スタンダード
71500,生存,-10.9375,2026-05-01,島根銀行,スタンダード
19420,生存,264.0,2026-05-01,関電工,プライム
42460,生存,21.285714285714285,2026-05-01,ダイキョーニシカワ,プライム
44330,生存,-4.0704070407040716,2026-05-01,ヒト・コミュニケーションズ・ホールディングス,プライム
79370,生存,35.56085918854415,2026-05-01,ツツミ,スタンダード
95340,生存,8.1267217630854,2026-05-01,北海道瓦斯,プライム
81310,生存,43.817012151536815,2026-05-01,ミツウロコグループホールディングス,スタンダード
32480,生存,4.545454545454541,2026-05-01,アールエイジ,スタンダード
23040,生存,12.5,2026-05-01,ＣＳＳホールディングス,スタンダード
80570,生存,40.743338008415144,2026-05-01,内田洋行,プライム
42180,生存,2.06013363028954,2026-05-01,ニチバン,プライム
95060,生存,-31.04342190537913,2026-05-01,東北電力,プライム
19820,生存,87.53894080996885,2026-05-01,日比谷総合設備,プライム
67630,生存,35.51775887943971,2026-05-01,帝国通信工業,プライム
68400,生存,52.59067357512954,2026-05-01,ＡＫＩＢＡホールディングス,スタンダード
94440,生存,-51.52838427947598,2026-05-01,トーシンホールディングス,スタンダード
95010,生存,-34.033161068044784,2026-05-01,東京電力ホールディングス,プライム
37870,生存,-30.204778156996593,2026-05-01,テクノマセマティカル,スタンダード
35420,生存,115.70247933884299,2026-05-01,ベガコーポレーション,グロース
23420,生存,11.688311688311682,2026-05-01,トランスジェニック,グロース
66130,生存,226.20689655172416,2026-05-01,ＱＤレーザ,グロース
54230,生存,5.405405405405395,2026-05-01,東京製鐵,プライム
66320,生存,32.279909706546285,2026-05-01,ＪＶＣケンウッド,プライム
52180,生存,-6.911764705882351,2026-05-01,オハラ,スタンダード
36780,生存,-16.32513661202186,2026-05-01,メディアドゥ,プライム
49220,生存,-46.79694947569113,2026-05-01,コーセー,プライム
87690,生存,3.8461538461538547,2026-05-01,アドバンテッジリスクマネジメント,スタンダード
86170,生存,-14.664586583463334,2026-05-01,光世証券,スタンダード
61510,生存,-32.00168208578638,2026-05-01,日東工器,プライム
62390,生存,-3.5573122529644285,2026-05-01,ナガオカ,スタンダード
30920,生存,-17.5581114775195,2026-05-01,ＺＯＺＯ,プライム
58300,生存,103.16711590296497,2026-05-01,いよぎんホールディングス,プライム
46760,生存,114.77616039549576,2026-05-01,フジ・メディア・ホールディングス,プライム
54110,生存,-27.512668918918916,2026-05-01,ＪＦＥホールディングス,プライム
96390,生存,2.0118343195266286,2026-05-01,三協フロンテア,スタンダード
27640,生存,-26.34146341463415,2026-05-01,ひらまつ,スタンダード
25940,生存,-3.616813294232646,2026-05-01,キーコーヒー,プライム
79560,生存,10.883228580879912,2026-05-01,ピジョン,プライム
83810,生存,26.337169939065674,2026-05-01,山陰合同銀行,プライム
79860,消滅,39.38973647711512,2026-04-01,日本アイ・エス・ケイ,スタンダード
49920,生存,10.765239948119332,2026-05-01,北興化学工業,スタンダード
92700,生存,209.70744680851064,2026-05-01,バリュエンスホールディングス,グロース
77940,生存,20.76350093109869,2026-05-01,イーディーピー,グロース
63020,生存,21.463301690206073,2026-05-01,住友重機械工業,プライム
77130,生存,23.529411764705888,2026-05-01,シグマ光機,スタンダード
18080,生存,51.5184980673661,2026-05-01,長谷工コーポレーション,プライム
77170,生存,33.87358184764992,2026-05-01,ブイ・テクノロジー,プライム
35560,生存,179.81927710843374,2026-05-01,リネットジャパングループ,グロース
74550,消滅,49.870129870129865,2026-03-02,パリミキホールディングス,スタンダード
78410,生存,4.091341579448149,2026-05-01,遠藤製作所,スタンダード
88920,生存,10.5815061963775,2026-05-01,日本エスコン,プライム
69570,消滅,126.15629984051036,2026-01-05,芝浦電子,スタンダード
63820,生存,12.218370883882157,2026-05-01,トリニティ工業,スタンダード
93240,生存,51.23796423658873,2026-05-01,安田倉庫,プライム
16620,生存,67.3913043478261,2026-05-01,石油資源開発,プライム
37680,生存,21.518987341772156,2026-05-01,リスクモンスター,スタンダード
59030,生存,21.22944960686204,2026-05-01,シンポ,スタンダード
18100,生存,89.36959208899877,2026-05-01,松井建設,スタンダード
41800,生存,-28.00963081861958,2026-05-01,Ａｐｐｉｅｒ　Ｇｒｏｕｐ,プライム
52550,生存,-70.39274924471299,2026-05-01,モンスターラボホールディングス,グロース
68450,生存,35.59808612440192,2026-05-01,アズビル,プライム
90570,生存,25.82396277626988,2026-05-01,遠州トラック,スタンダード
93680,生存,2.8144744399770216,2026-05-01,キムラユニティー,スタンダード
44290,生存,-59.06344410876133,2026-05-01,リックソフト,グロース
99270,生存,35.875706214689274,2026-05-01,ワットマン,スタンダード
84240,生存,2.670140797934639,2026-05-01,芙蓉総合リース,プライム
51990,生存,4.669887278582929,2026-05-01,不二ラテックス,スタンダード
26530,生存,2.218181818181808,2026-05-01,イオン九州,スタンダード
21170,生存,12.489415749364952,2026-05-01,ウェルネオシュガー,プライム
41770,生存,8.727272727272716,2026-05-01,ｉ‐ｐｌｕｇ,グロース
77210,生存,144.33811802232856,2026-05-01,東京計器,プライム
60130,生存,58.0663948747816,2026-05-01,タクマ,プライム
43170,生存,21.875,2026-05-01,レイ,スタンダード
22700,生存,25.196850393700785,2026-05-01,雪印メグミルク,プライム
81440,生存,4.45660672400312,2026-05-01,デンキョーグループホールディングス,スタンダード
38440,生存,-24.833702882483365,2026-05-01,コムチュア,プライム
43720,生存,-9.719058466211084,2026-05-01,ユミルリンク,グロース
83090,生存,44.077879935100064,2026-05-01,三井住友トラスト・ホールディングス,プライム
67240,生存,-17.77864992150706,2026-05-01,セイコーエプソン,プライム
77110,生存,249.26253687315634,2026-05-01,助川電気工業,スタンダード
82850,生存,89.75069252077563,2026-05-01,三谷産業,スタンダード
19380,生存,139.60481099656357,2026-05-01,日本リーテック,プライム
62080,生存,35.635018495684335,2026-05-01,石川製作所,スタンダード
39040,生存,-36.09022556390977,2026-05-01,カヤック,グロース
67770,生存,258.17245817245816,2026-05-01,ｓａｎｔｅｃ　Ｈｏｌｄｉｎｇｓ,スタンダード
22090,生存,-8.133595284872296,2026-05-01,井村屋グループ,プライム
64600,生存,3.4157303370786485,2026-05-01,セガサミーホールディングス,プライム
62220,生存,-36.74934725848564,2026-05-01,島精機製作所,プライム
49280,生存,-20.36363636363636,2026-05-01,ノエビアホールディングス,プライム
21980,生存,6.38852672750978,2026-05-01,アイ・ケイ・ケイホールディングス,プライム
45650,生存,-33.88888888888889,2026-05-01,ネクセラファーマ,プライム
63800,生存,124.02088772845951,2026-05-01,オリエンタルチエン工業,スタンダード
73810,生存,83.42857142857143,2026-05-01,北國フィナンシャルホールディングス,プライム
77250,生存,25.683060109289624,2026-05-01,インターアクション,プライム
78780,生存,-29.12,2026-05-01,光・彩,スタンダード
63450,生存,19.585849870578077,2026-05-01,アイチ　コーポレーション,プライム
49720,生存,141.08783535464903,2026-05-01,綜研化学,スタンダード
84100,生存,-0.7065823726292164,2026-05-01,セブン銀行,プライム
54610,生存,-16.915241906147692,2026-05-01,中部鋼鈑,プライム
94490,生存,21.970759062687772,2026-05-01,ＧＭＯインターネットグループ,プライム
80760,生存,9.333333333333327,2026-05-01,カノークス,スタンダード
44150,生存,55.42929292929293,2026-05-01,ブロードエンタープライズ,グロース
87250,生存,18.05022156573117,2026-05-01,ＭＳ＆ＡＤインシュアランスグループホールディングス,プライム
75900,生存,-22.355289421157686,2026-05-01,タカショー,スタンダード
90200,生存,34.10656034795216,2026-05-01,東日本旅客鉄道,プライム
39240,消滅,14.443084455324362,2026-03-02,ランドコンピュータ,プライム
25330,生存,13.477088948787053,2026-05-01,オエノンホールディングス,プライム
43190,消滅,92.77777777777779,2025-12-01,ＴＡＣ,スタンダード
99860,生存,1.976284584980248,2026-05-01,蔵王産業,スタンダード
41650,生存,-32.10659898477157,2026-05-01,プレイド,グロース
73610,生存,15.860086248203164,2026-05-01,ヒューマンクリエイションホールディングス,グロース
82830,生存,10.621576565849011,2026-05-01,ＰＡＬＴＡＣ,プライム
96130,消滅,65.4869109947644,2025-09-01,ＮＴＴデータグループ,プライム
81820,消滅,-6.623058053965658,2024-11-01,いなげや,プライム
76870,生存,10.148514851485157,2026-05-01,ミクリード,グロース
63340,生存,9.589041095890405,2026-05-01,明治機械,スタンダード
88600,生存,1.9815059445178251,2026-05-01,フジ住宅,プライム
27880,生存,-35.05747126436781,2026-05-01,アップルインターナショナル,スタンダード
90630,生存,19.413407821229043,2026-05-01,岡山県貨物運送,スタンダード
24110,生存,20.88772845953002,2026-05-01,ゲンダイエージェンシー,スタンダード
23260,生存,56.14525139664806,2026-05-01,デジタルアーツ,プライム
60810,生存,8.636363636363642,2026-05-01,アライドアーキテクツ,グロース
73180,生存,412.65327419775633,2026-05-01,セレンディップ・ホールディングス,グロース
60940,生存,-11.923076923076925,2026-05-01,フリークアウト・ホールディングス,グロース
69510,生存,-8.175635718509755,2026-05-01,日本電子,プライム
80810,生存,46.57794676806084,2026-05-01,カナデン,プライム
85910,生存,49.59793222286042,2026-05-01,オリックス,プライム
31320,生存,17.551094394344503,2026-05-01,マクニカホールディングス,プライム
87130,生存,15.213469633193032,2026-05-01,フィデアホールディングス,プライム
40140,生存,-23.84615384615385,2026-05-01,カラダノート,グロース
45340,生存,10.873146622734753,2026-05-01,持田製薬,プライム
80130,生存,25.291828793774318,2026-05-01,ナイガイ,スタンダード
99940,生存,-21.883116883116884,2026-05-01,やまや,スタンダード
51250,生存,5.802047781569963,2026-05-01,ファインズ,グロース
30800,生存,15.114503816793889,2026-05-01,ジェーソン,スタンダード
85660,生存,20.472440944881896,2026-05-01,リコーリース,プライム
49350,生存,144.8474855729596,2026-05-01,リベルタ,スタンダード
72400,生存,31.034482758620683,2026-05-01,ＮＯＫ,プライム
30500,生存,-5.767984445884644,2026-05-01,ＤＣＭホールディングス,プライム
29220,生存,-12.523540489642182,2026-05-01,なとり,プライム
92720,生存,5.742574257425748,2026-05-01,ブティックス,グロース
66330,生存,1.2422360248447228,2026-05-01,Ｃ＆Ｇシステムズ,スタンダード
79270,生存,7.321131447587348,2026-05-01,ムトー精工,スタンダード
62980,生存,1.4024649383765464,2026-05-01,ワイエイシイホールディングス,プライム
43710,生存,-30.236220472440944,2026-05-01,コアコンセプト・テクノロジー,グロース
94320,生存,-1.9354838709677469,2026-05-01,日本電信電話,プライム
26070,生存,34.308878781886484,2026-05-01,不二製油グループ本社,プライム
55630,生存,52.26480836236933,2026-05-01,新日本電工,プライム
38780,生存,-13.850687622789781,2026-05-01,巴川コーポレーション,スタンダード
75270,生存,-17.460317460317466,2026-05-01,システムソフト,スタンダード
77620,生存,70.63870352716873,2026-05-01,シチズン時計,プライム
84250,生存,30.570902394106824,2026-05-01,みずほリース,プライム
39320,生存,32.33009708737864,2026-05-01,アカツキ,プライム
39630,生存,-23.020257826887658,2026-05-01,シンクロ・フード,プライム
42640,生存,-24.472960586617788,2026-05-01,セキュア,グロース
83380,生存,74.7800586510264,2026-05-01,筑波銀行,プライム
63390,生存,-9.216589861751157,2026-05-01,新東工業,プライム
66640,生存,-20.858895705521473,2026-05-01,オプトエレクトロニクス,スタンダード
70680,生存,-22.790697674418603,2026-05-01,フィードフォースグループ,グロース
48320,生存,9.149560117302059,2026-05-01,ＪＦＥシステムズ,スタンダード
79080,生存,10.7981220657277,2026-05-01,きもと,スタンダード
43890,生存,14.09788166544923,2026-05-01,プロパティデータバンク,グロース
22680,生存,0.7407407407407307,2026-05-01,Ｂ−Ｒ　サーティワン　アイスクリーム,スタンダード
47710,生存,34.267100977198695,2026-05-01,エフアンドエム,スタンダード
31870,生存,-45.47461368653421,2026-05-01,サンワカンパニー,グロース
28720,生存,-10.583788324233511,2026-05-01,セイヒョー,スタンダード
30870,生存,28.898225957049494,2026-05-01,ドトール・日レスホールディングス,プライム
39640,生存,100.23596831282657,2026-05-01,オークネット,プライム
18270,生存,159.03846153846155,2026-05-01,ナカノフドー建設,スタンダード
85110,生存,29.52495490078173,2026-05-01,日本証券金融,プライム
87420,生存,77.47440273037543,2026-05-01,小林洋行,スタンダード
44780,生存,-6.917724109701185,2026-05-01,フリー,グロース
57570,生存,10.663198959687904,2026-05-01,ＣＫサンエツ,プライム
49020,生存,5.232436939754015,2026-05-01,コニカミノルタ,プライム
51610,生存,223.42388518708356,2026-05-01,西川ゴム工業,スタンダード
60470,生存,-28.291316526610643,2026-05-01,Ｇｕｎｏｓｙ,プライム
34460,生存,4.955947136563887,2026-05-01,ジェイテックコーポレーション,プライム
64820,生存,-6.0689655172413755,2026-05-01,ユーシン精機,スタンダード
31920,生存,71.91780821917808,2026-05-01,白鳩,スタンダード
66740,生存,88.6985272016832,2026-05-01,ジーエス・ユアサ　コーポレーション,プライム
29830,生存,276.76240208877283,2026-05-01,アールプランナー,グロース
65730,生存,-62.264150943396224,2026-05-01,アジャイルメディア・ネットワーク,グロース
32230,生存,-0.6417112299465288,2026-05-01,エスエルディー,スタンダード
56600,生存,32.149046793760824,2026-05-01,神鋼鋼線工業,スタンダード
65180,生存,25.847047434656332,2026-05-01,三相電機,スタンダード
97870,消滅,39.37823834196892,2025-07-01,イオンディライト,プライム
44270,生存,-0.7518796992481258,2026-05-01,ＥｄｕＬａｂ,グロース
23850,生存,53.65853658536586,2026-05-01,総医研ホールディングス,グロース
41190,生存,102.80701754385966,2026-05-01,日本ピグメント,スタンダード
64630,生存,1.869547154133766,2026-05-01,ＴＰＲ,プライム
73370,生存,43.3852140077821,2026-05-01,ひろぎんホールディングス,プライム
93610,生存,32.57756563245824,2026-05-01,伏木海陸運送,スタンダード
46290,生存,31.108144192256336,2026-05-01,大伸化学,スタンダード
78210,生存,16.259904912836774,2026-05-01,前田工繊,プライム
58010,生存,918.0425111220959,2026-05-01,古河電気工業,プライム
78160,消滅,0.08032128514057213,2024-07-01,スノーピーク,プライム
23790,生存,-27.64098490865766,2026-05-01,ディップ,プライム
42740,生存,-4.82758620689655,2026-05-01,細谷火工,スタンダード
84180,生存,36.36363636363635,2026-05-01,山口フィナンシャルグループ,プライム
69890,生存,93.28147100424329,2026-05-01,北陸電気工業,スタンダード
36700,生存,-4.104046242774562,2026-05-01,協立情報通信,スタンダード
59110,生存,5.429701546206411,2026-05-01,横河ブリッジホールディングス,プライム
45230,生存,-31.250916556679865,2026-05-01,エーザイ,プライム
90550,消滅,1.4109347442680775,2024-12-02,アルプス物流,プライム
72590,生存,24.021909233176842,2026-05-01,アイシン,プライム
39000,生存,-39.02439024390244,2026-05-01,クラウドワークス,グロース
26920,生存,80.97902097902099,2026-05-01,伊藤忠食品,プライム
42400,生存,44.755244755244746,2026-05-01,クラスターテクノロジー,グロース
31100,生存,315.3392330383481,2026-05-01,日東紡績,プライム
46110,生存,0.1612903225806539,2026-05-01,大日本塗料,プライム
63760,生存,113.7987012987013,2026-05-01,日機装,プライム
97650,生存,19.842829076620827,2026-05-01,オオバ,プライム
46740,生存,11.236863379143092,2026-05-01,クレスコ,プライム
42220,生存,237.08206686930092,2026-05-01,児玉化学工業,スタンダード
79490,生存,59.07692307692307,2026-05-01,小松ウオール工業,プライム
29170,生存,-9.715407262021591,2026-05-01,大森屋,スタンダード
78000,生存,84.53124999999999,2026-05-01,アミファ,スタンダード
33610,生存,6.973848069738486,2026-05-01,トーエル,スタンダード
64300,生存,-38.14569536423841,2026-05-01,ダイコク電機,プライム
42160,生存,19.037656903765686,2026-05-01,旭有機材,プライム
76430,生存,35.12429831595829,2026-05-01,ダイイチ,スタンダード
65600,生存,-18.416030534351147,2026-05-01,エル・ティー・エス,プライム
94750,生存,38.095238095238095,2026-05-01,昭文社ホールディングス,スタンダード
95540,生存,49.795918367346935,2026-05-01,ＡＶｉＣ,グロース
71020,生存,58.831282952548335,2026-05-01,日本車輌製造,プライム
38140,消滅,-44.57547169811321,2025-09-01,アルファクス・フード・システム,グロース
83410,生存,88.3385579937304,2026-05-01,七十七銀行,プライム
64590,生存,23.86726228462028,2026-05-01,大和冷機工業,プライム
36760,生存,-19.080234833659492,2026-05-01,デジタルハーツホールディングス,プライム
90420,生存,6.958202464363383,2026-05-01,阪急阪神ホールディングス,プライム
67030,生存,206.36108512628627,2026-05-01,沖電気工業,プライム
81040,生存,-35.810810810810814,2026-05-01,クワザワホールディングス,スタンダード
46840,生存,0.9830425165888501,2026-05-01,オービック,プライム
95620,生存,23.636363636363633,2026-05-01,ビジネスコーチ,グロース
99130,生存,86.81863230921705,2026-05-01,日邦産業,スタンダード
97310,生存,40.057755775577554,2026-05-01,白洋舎,スタンダード
65010,生存,44.73287051011168,2026-05-01,日立製作所,プライム
28710,生存,5.318852687273745,2026-05-01,ニチレイ,プライム
96330,生存,41.95298372513563,2026-05-01,東京テアトル,スタンダード
43200,生存,110.44247787610621,2026-05-01,ＣＥホールディングス,スタンダード
42040,生存,4.4951284322409135,2026-05-01,積水化学工業,プライム
98460,生存,-8.893093661305585,2026-05-01,天満屋ストア,スタンダード
23400,生存,19.90049751243781,2026-05-01,極楽湯ホールディングス,スタンダード
68500,生存,18.935133108361455,2026-05-01,チノー,プライム
135A0,生存,-6.056338028169018,2026-05-01,ＶＲＡＩＮ　Ｓｏｌｕｔｉｏｎ,グロース
51950,生存,10.365521003818866,2026-05-01,バンドー化学,プライム
25020,生存,-19.730709476954942,2026-05-01,アサヒグループホールディングス,プライム
21560,生存,-7.41935483870968,2026-05-01,セーラー広告,スタンダード
99620,生存,32.68821366363461,2026-05-01,ミスミグループ本社,プライム
81670,生存,-23.94613583138173,2026-05-01,リテールパートナーズ,プライム
18110,生存,98.44789356984478,2026-05-01,錢高組,スタンダード
70800,生存,18.399999999999995,2026-05-01,スポーツフィールド,グロース
69660,生存,-52.8115286804182,2026-05-01,三井ハイテック,プライム
76350,消滅,34.89666136724961,2026-03-02,杉田エース,スタンダード
39860,生存,-1.4787785673132436,2026-05-01,ビーブレイクシステムズ,グロース
77520,生存,-11.830508474576273,2026-05-01,リコー,プライム
82150,消滅,35.58515699333968,2025-02-03,銀座山形屋,スタンダード
46650,生存,8.089453340695751,2026-05-01,ダスキン,プライム
72350,生存,85.30559167750324,2026-05-01,東京ラヂエーター製造,スタンダード
85440,生存,136.00891861761428,2026-05-01,京葉銀行,プライム
36350,生存,5.861828332170282,2026-05-01,コーエーテクモホールディングス,プライム
71820,生存,69.60408684546616,2026-05-01,ゆうちょ銀行,プライム
80840,生存,38.639030113414165,2026-05-01,ＲＹＯＤＥＮ,プライム
99340,生存,37.37662337662337,2026-05-01,因幡電機産業,プライム
18880,生存,6.304985337243396,2026-05-01,若築建設,プライム
40820,生存,170.00000000000003,2026-05-01,第一稀元素化学工業,プライム
89340,生存,35.37832310838447,2026-05-01,サンフロンティア不動産,プライム
83440,生存,110.33613445378153,2026-05-01,山形銀行,プライム
88030,生存,28.672798948751634,2026-05-01,平和不動産,プライム
60380,生存,26.970954356846466,2026-05-01,イード,グロース
60700,生存,0.43010752688172893,2026-05-01,キャリアリンク,プライム
62000,生存,-29.123173277661795,2026-05-01,インソース,プライム
39680,生存,-11.452991452991457,2026-05-01,セグエグループ,プライム
78640,生存,6.533729316928305,2026-05-01,フジシールインターナショナル,プライム
76280,生存,30.64611736810907,2026-05-01,オーハシテクニカ,プライム
99600,生存,52.82131661442007,2026-05-01,東テク,プライム
87720,生存,-3.7780401416765086,2026-05-01,アサックス,スタンダード
58170,生存,125.29711375212224,2026-05-01,ＪＭＡＣＳ,スタンダード
65480,生存,-26.40449438202247,2026-05-01,旅工房,グロース
17240,生存,-0.13908205841446364,2026-05-01,シンクレイヤ,スタンダード
96020,生存,43.292682926829265,2026-05-01,東宝,プライム
37930,生存,-44.13793103448276,2026-05-01,ドリコム,グロース
47550,生存,-9.523809523809524,2026-05-01,楽天グループ,プライム
44120,生存,179.05759162303661,2026-05-01,サイエンスアーツ,グロース
70790,生存,-19.816232771822364,2026-05-01,ＷＤＢココ,グロース
85510,生存,73.35034633612834,2026-05-01,北日本銀行,プライム
27050,生存,34.577603143418465,2026-05-01,大戸屋ホールディングス,スタンダード
62310,生存,92.93739967897272,2026-05-01,木村工機,スタンダード
85180,生存,-36.63793103448276,2026-05-01,日本アジア投資,スタンダード
70850,生存,10.215053763440851,2026-05-01,カーブスホールディングス,プライム
79650,生存,0.9759271307742345,2026-05-01,象印マホービン,プライム
97660,生存,72.6900318616295,2026-05-01,コナミグループ,プライム
32240,生存,-55.81933989577301,2026-05-01,ゼネラル・オイスター,グロース
71870,生存,12.064570943075626,2026-05-01,ジェイリース,プライム
30200,生存,40.39855072463767,2026-05-01,アプライド,スタンダード
27340,生存,27.654320987654323,2026-05-01,サーラコーポレーション,プライム
38800,生存,4.466062347999111,2026-05-01,大王製紙,プライム
69250,生存,50.18921475875118,2026-05-01,ウシオ電機,プライム
29620,生存,75.04690431519701,2026-05-01,テクニスコ,スタンダード
90590,生存,-1.0215664018161208,2026-05-01,カンダホールディングス,スタンダード
88410,生存,62.64705882352941,2026-05-01,テーオーシー,スタンダード
71850,生存,2.9931972789115635,2026-05-01,ヒロセ通商,スタンダード
63260,生存,15.30066815144766,2026-05-01,クボタ,プライム
17160,生存,-3.5976015989340415,2026-05-01,第一カッター興業,スタンダード
70220,生存,60.10928961748634,2026-05-01,サノヤスホールディングス,スタンダード
46200,生存,130.3201506591337,2026-05-01,藤倉化成,スタンダード
73830,生存,168.944099378882,2026-05-01,ネットプロテクションズホールディングス,プライム
49250,生存,-18.426103646833013,2026-05-01,ハーバー研究所,スタンダード
66760,生存,37.72079772079773,2026-05-01,メルコホールディングス,スタンダード
68320,生存,4.486943729312243,2026-05-01,アオイ電子,スタンダード
17570,消滅,-80.64516129032258,2025-09-01,創建エース,スタンダード
69200,生存,7.057356608478793,2026-05-01,レーザーテック,プライム
68660,生存,61.35057471264367,2026-05-01,日置電機,プライム
72500,消滅,94.96449322143319,2026-04-01,太平洋工業,プライム
38530,生存,173.39449541284404,2026-05-01,アステリア,プライム
92370,生存,-39.82594280978036,2026-05-01,笑美面,グロース
44010,生存,13.680494263018538,2026-05-01,ＡＤＥＫＡ,プライム
41850,消滅,0.0,2024-06-03,ＪＳＲ,プライム
72770,生存,16.938110749185675,2026-05-01,ＴＢＫ,スタンダード
76340,生存,-3.738317757009346,2026-05-01,星医療酸器,スタンダード
66270,生存,119.52789699570813,2026-05-01,テラプローブ,スタンダード
40200,生存,-7.436918990703855,2026-05-01,ビートレンド,グロース
150A0,生存,-39.86820428336079,2026-05-01,ＪＳＨ,グロース
19610,生存,228.9009497964722,2026-05-01,三機工業,プライム
29270,生存,-2.1493212669683293,2026-05-01,ＡＦＣ−ＨＤアムスライフサイエンス,スタンダード
96100,生存,10.370370370370363,2026-05-01,ウィルソン・ラーニング　ワールドワイド,スタンダード
49110,生存,-36.72406888265919,2026-05-01,資生堂,プライム
37990,生存,36.58227848101265,2026-05-01,キーウェアソリューションズ,スタンダード
81320,生存,44.81327800829875,2026-05-01,シナネンホールディングス,プライム
78320,生存,22.429589412962336,2026-05-01,バンダイナムコホールディングス,プライム
39510,生存,-10.438413361169108,2026-05-01,朝日印刷,スタンダード
89190,生存,93.0844553243574,2026-05-01,カチタス,プライム
68620,生存,335.2773826458037,2026-05-01,ミナトホールディングス,スタンダード
76130,生存,-4.46428571428571,2026-05-01,シークス,プライム
81300,生存,-1.2541254125412515,2026-05-01,サンゲツ,プライム
62010,生存,38.89833390003401,2026-05-01,豊田自動織機,プライム
43440,生存,-31.937172774869104,2026-05-01,ソースネクスト,プライム
73790,消滅,30.04354136429608,2025-09-01,サーキュレーション,グロース
60180,生存,114.12300683371299,2026-05-01,阪神内燃機工業,スタンダード
68570,生存,419.6151690640762,2026-05-01,アドバンテスト,プライム
92180,生存,-14.006888633754311,2026-05-01,メンタルヘルステクノロジーズ,グロース
78040,生存,30.017452006980804,2026-05-01,ビーアンドピー,スタンダード
99000,生存,12.070084360804678,2026-05-01,サガミホールディングス,プライム
32970,生存,18.451845184518454,2026-05-01,東武住販,スタンダード
34390,生存,-4.755784061696655,2026-05-01,三ツ知,スタンダード
58160,生存,43.9117199391172,2026-05-01,オーナンバ,スタンダード
63840,生存,20.136986301369863,2026-05-01,昭和真空,スタンダード
74580,生存,-2.82112845138055,2026-05-01,第一興商,プライム
33740,生存,-4.710267705862414,2026-05-01,内外テック,スタンダード
31030,生存,900.8403361344538,2026-05-01,ユニチカ,プライム
41860,生存,117.56394640682095,2026-05-01,東京応化工業,プライム
67620,生存,70.2760736196319,2026-05-01,ＴＤＫ,プライム
25900,生存,-3.7451737451737466,2026-05-01,ダイドーグループホールディングス,プライム
77460,生存,526.9230769230769,2026-05-01,岡本硝子,スタンダード
87710,生存,29.16358253145819,2026-05-01,イー・ギャランティ,プライム
91040,生存,12.855235552164789,2026-05-01,商船三井,プライム
51860,生存,9.459459459459453,2026-05-01,ニッタ,プライム
37580,生存,-16.498316498316502,2026-05-01,アエリア,スタンダード
33990,生存,99.3421052631579,2026-05-01,丸千代山岡家,スタンダード
69640,生存,8.974358974358964,2026-05-01,サンコー,スタンダード
70710,生存,-80.37812979049565,2026-05-01,アンビスホールディングス,プライム
99760,生存,-15.280000000000005,2026-05-01,セキチュー,スタンダード
34470,生存,30.58186738836266,2026-05-01,信和,スタンダード
92600,消滅,34.475524475524466,2025-04-01,西本Ｗｉｓｍｅｔｔａｃホールディングス,プライム
41960,生存,42.8,2026-05-01,ネオマーケティング,スタンダード
80110,生存,52.96180826188621,2026-05-01,三陽商会,プライム
23270,生存,39.29687500000001,2026-05-01,日鉄ソリューションズ,プライム
61760,生存,52.801358234295414,2026-05-01,ブランジスタ,グロース
93220,生存,105.32646048109964,2026-05-01,川西倉庫,スタンダード
69620,生存,4.454022988505746,2026-05-01,大真空,プライム
71730,生存,132.87649402390434,2026-05-01,東京きらぼしフィナンシャルグループ,プライム
42510,生存,-21.035598705501624,2026-05-01,恵和,プライム
39120,生存,71.55555555555554,2026-05-01,モバイルファクトリー,スタンダード
82420,生存,-8.343409915356714,2026-05-01,エイチ・ツー・オー　リテイリング,プライム
61950,生存,22.598870056497166,2026-05-01,ホープ,グロース
63060,生存,9.004092769440653,2026-05-01,日工,プライム
45120,生存,38.976377952755904,2026-05-01,わかもと製薬,スタンダード
28110,生存,-29.297089511257546,2026-05-01,カゴメ,プライム
61850,生存,35.00000000000001,2026-05-01,ＳＭＮ,スタンダード
95350,生存,3.4120734908136496,2026-05-01,広島ガス,プライム
79870,生存,9.005628517823649,2026-05-01,ナカバヤシ,スタンダード
97630,生存,23.43794715253267,2026-05-01,丸紅建材リース,スタンダード
46330,生存,23.67584745762712,2026-05-01,サカタインクス,プライム
44430,生存,-22.021210230817225,2026-05-01,Ｓａｎｓａｎ,プライム
97190,消滅,90.23653749370911,2026-03-02,ＳＣＳＫ,プライム
66400,消滅,48.01007556675063,2025-03-03,Ｉ−ＰＥＸ,プライム
49550,消滅,58.74476987447699,2025-01-06,アグロ　カネショウ,スタンダード
24490,生存,6.467661691542292,2026-05-01,プラップジャパン,スタンダード
18980,生存,-12.92435973793925,2026-05-01,世紀東急工業,プライム
93550,生存,28.99408284023668,2026-05-01,リンコーコーポレーション,スタンダード
82810,生存,-13.485113835376527,2026-05-01,ゼビオホールディングス,プライム
73140,生存,7.699358386801092,2026-05-01,小田原機器,スタンダード
67310,生存,-81.31868131868131,2026-05-01,ピクセラ,スタンダード
60350,生存,-40.73770491803279,2026-05-01,アイ・アールジャパンホールディングス,プライム
74720,生存,5.555555555555558,2026-05-01,鳥羽洋行,スタンダード
97260,生存,52.90128108515448,2026-05-01,ＫＮＴ−ＣＴホールディングス,スタンダード
37270,生存,-1.17647058823529,2026-05-01,アプリックス,グロース
64850,生存,10.84070796460177,2026-05-01,前澤給装工業,スタンダード
44960,生存,0.5449591280654031,2026-05-01,コマースＯｎｅホールディングス,グロース
49260,生存,-13.509649749821307,2026-05-01,シーボン,スタンダード
60290,生存,11.65644171779141,2026-05-01,アトラグループ,スタンダード
40570,生存,-19.166666666666664,2026-05-01,インターファクトリー,グロース
37720,生存,1.3047530288909703,2026-05-01,ウェルス・マネジメント,スタンダード
22690,生存,5.033936651583715,2026-05-01,明治ホールディングス,プライム
61900,生存,-7.822410147991543,2026-05-01,フェニックスバイオ,グロース
70600,生存,23.61702127659575,2026-05-01,ギークス,スタンダード
53370,生存,-2.5423728813559365,2026-05-01,ダントーホールディングス,スタンダード
56030,生存,8.326530612244909,2026-05-01,虹技,スタンダード
24970,生存,-35.4673495518566,2026-05-01,ユナイテッド,グロース
45380,生存,-4.861407249466954,2026-05-01,扶桑薬品工業,プライム
58520,生存,13.055555555555554,2026-05-01,アーレスティ,プライム
59430,生存,33.258173618940255,2026-05-01,ノーリツ,プライム
47670,生存,3.62116991643453,2026-05-01,テー・オー・ダブリュー,スタンダード
92400,生存,-43.673012318029116,2026-05-01,デリバリーコンサルティング,グロース
94740,生存,-3.378378378378377,2026-05-01,ゼンリン,プライム
94760,生存,83.58490566037734,2026-05-01,中央経済社ホールディングス,スタンダード
23730,生存,-14.226804123711345,2026-05-01,ケア２１,スタンダード
65780,生存,29.67359050445104,2026-05-01,コレック,スタンダード
